whole_time,opt_step_count,collision_count,crash_rate,ee_path_length,joints_path_length,Avg.Speed,Max.Speed,goal_w,collision_w,oneLoop,oneOpt
all [-0.40 , 0.40] 执行 0.07 
130.145,2545,2,10.0,51.015,199.834,0.287,0.769,10,80,51.13765963871025,31.605666840708793,
132.235,2744,9,20.0,53.353,204.261,0.278,0.715,10,80,48.19073664898775,30.521239726953535,
142.267,2940,10,20.0,55.983,212.225,0.272,0.812,10,80,48.39018356232416,30.657499420399567,
116.008,2391,0,0.0,49.036,193.162,0.293,0.757,10,80,48.51842674437251,30.74780511636706,
130.164,2655.0,5.25,12.5,52.347,202.37,0.282,0.763,10,80,49.059,30.883,
130.164,2655.0,5.25,12.5,52.347,202.37,0.282,0.763,10,80,48.366,30.642,
132.478,2730,4,10.0,54.849,206.668,0.287,0.819,10,100,48.52670924567477,30.75495517297542,
122.067,2513,0,0.0,51.31,197.869,0.292,0.808,10,100,48.57403749116047,30.786153855572362,
116.7,2401,2,5.0,49.77,194.42,0.296,0.74,10,100,48.60471566981547,30.79955789358702,
142.665,2934,6,15.0,56.55,215.647,0.276,0.759,10,100,48.62472380434646,30.80746366933811,

128.477,2644.5,3.0,7.5,53.12,203.651,0.288,0.782,10,100,48.583,30.787,
128.477,2644.5,3.0,7.5,53.12,203.651,0.288,0.782,10,100,48.583,30.787,

137.902,2832,5,5.0,54.673,210.272,0.276,0.829,10,120,48.6942302372496,30.832005422667596,
132.723,2725,0,0.0,53.044,204.525,0.278,0.755,10,120,48.70558135006406,30.80833286320398,
122.327,2513,4,10.0,51.417,198.14,0.293,0.773,10,120,48.67760507983608,30.837705018650333,
123.112,2530,1,5.0,51.112,198.476,0.289,0.77,10,120,48.6610654785699,30.82911921112905,

129.016,2650.0,2.5,5.0,52.562,202.853,0.284,0.782,10,120,48.685,30.827,
129.016,2650.0,2.5,5.0,52.562,202.853,0.284,0.766,10,120,48.685,30.833,
    
135.069,2777,0,0.0,55.383,211.843,0.285,0.795,10,140,48.63846177543115,30.83200569757249,
122.662,2522,0,0.0,51.726,201.59,0.293,0.773,10,140,48.63676799846773,30.820538466360528,
145.937,3000,3,10.0,55.526,214.722,0.265,0.816,10,140,48.64571817715962,30.83035071690877,
139.527,2691,0,0.0,54.266,209.548,0.288,0.814,10,140,51.84940572389215,32.8854121757856,
135.799,2747.5,0.75,2.5,54.225,209.426,0.283,0.8,10,140,49.443,31.342,
135.799,2747.5,0.0,0.0,54.225,209.426,0.289,0.8,10,140,48.64,30.828,
146.07,3000,2,10.0,53.793,209.569,0.256,0.762,10,160,48.690020720163986,30.841709534327187,
145.149,2926,2,5.0,57.491,218.785,0.281,0.819,10,160,49.6067216929229,31.441399762667945,
146.255,3000,1,5.0,55.749,215.633,0.266,0.76,10,160,48.751592795054115,30.851230223973594,
148.892,3000,8,15.0,56.233,216.012,0.268,0.821,10,160,49.63067309061686,31.446968873341877,
146.592,2981.5,3.25,8.75,55.816,215.0,0.268,0.79,10,160,49.17,31.145,
145.825,3000.0,1.667,8.75,55.816,216.81,0.268,0.79,10,160,49.17,31.145,
127.79,2470,4,10.0,50.533,199.705,0.293,0.743,10,180,51.736787552775645,32.75856508417168,
134.409,2744,1,5.0,54.419,211.363,0.284,0.768,10,180,48.98296031590453,30.988881956384066,
135.024,2758,2,5.0,54.681,211.018,0.283,0.748,10,180,48.95717108742407,30.97307984599002,
118.002,2415,0,0.0,50.176,198.778,0.297,0.733,10,180,48.86223563989991,30.965126918216175,
128.806,2596.75,1.75,5.0,52.452,205.216,0.289,0.748,10,180,49.635,31.421,
128.806,2596.75,1.75,5.0,52.452,205.216,0.289,0.748,10,180,48.934,30.976,
129.101,2637,0,0.0,53.581,204.433,0.29,0.781,10,200,48.95750835261022,30.96561202236229,
119.117,2440,0,0.0,50.475,197.512,0.296,0.819,10,200,48.818578094732565,30.956748274506115,
139.397,2860,2,5.0,55.493,214.075,0.277,0.774,10,200,48.74038287809679,30.966652690113843,
118.66,2429,0,0.0,50.897,198.614,0.3,0.791,10,200,48.851250522467474,30.95928991513274,
126.569,2591.5,0.5,1.25,52.612,203.659,0.291,0.791,10,200,48.842,30.962,
126.569,2591.5,0.0,0.0,52.612,203.659,0.291,0.791,10,200,48.842,30.962,
122.579,2512,1,5.0,51.551,202.684,0.293,0.814,10,220,48.797365776292835,30.951312677875446,
134.276,2748,5,15.0,53.453,207.779,0.278,0.813,10,220,48.863135744564055,30.96561817102557,
135.483,2775,0,0.0,54.755,209.495,0.282,0.824,10,220,48.82258294938921,30.96647125106674,
139.574,2554,2,5.0,52.316,204.138,0.293,0.784,10,220,54.6492565023591,33.879195234228504,
132.978,2647.25,2.0,6.25,53.019,206.024,0.286,0.809,10,220,50.283,31.691,
136.444,2647.25,2.0,3.333,53.019,206.024,0.286,0.817,10,220,48.828,30.961,
143.657,2595,2,10.0,52.724,204.778,0.29,0.723,10,240,55.35931587219238,35.04767518971467,
137.772,2429,0,0.0,50.738,199.995,0.299,0.821,10,240,56.71967818149081,35.96206455379909,
168.077,2896,1,5.0,55.161,216.651,0.272,0.799,10,240,58.03779771973415,36.704859927872924,
142.802,2452,1,5.0,52.047,201.441,0.303,0.744,10,240,58.239154870125056,36.76308708517625,
148.077,2593.0,1.0,5.0,52.668,205.716,0.291,0.772,10,240,57.089,36.119,
141.41,2593.0,1.0,5.0,52.668,205.716,0.291,0.772,10,240,57.089,36.119,

131.096,2238,57,50.0,48.188,188.173,0.308,0.836,20,80,58.577389989823935,33.461043406427706
119.427,1957,27,35.0,46.225,180.101,0.338,0.768,20,80,61.02545723113468,35.408400733920466
133.45,2169,25,25.0,46.718,185.099,0.308,0.749,20,80,61.52616189118628,35.56997009882349
135.998,2312,57,45.0,48.822,192.886,0.302,0.813,20,80,58.82249169283672,33.718424169250014
129.993,2169.0,41.5,38.75,47.488,186.565,0.314,0.792,20.0,80.0,59.988,34.539
129.993,2169.0,41.5,38.75,47.488,186.565,0.306,0.792,20.0,80.0,59.988,34.539
135.072,2396,24,35.0,49.502,196.088,0.295,0.838,20,100,56.374023076090864,32.28424079032095
119.751,2141,4,10.0,48.638,187.24,0.325,0.793,20,100,55.93207137487804,32.1959078395439
136.36,2327,25,35.0,50.505,194.9,0.31,0.781,20,100,58.59912481746502,33.06223662769431
125.702,2255,11,20.0,49.576,189.359,0.314,0.709,20,100,55.743518161139306,32.05799971874432
129.221,2279.75,16.0,25.0,49.555,191.897,0.311,0.78,20.0,100.0,56.662,32.4
129.221,2279.75,16.0,25.0,49.555,191.897,0.311,0.78,20.0,100.0,56.017,32.179

140.825,2483,0,0.0,52.419,202.911,0.302,0.78,20,150,56.71557686859881,32.59153314237867
131.063,2389,5,10.0,51.477,199.275,0.308,0.773,20,150,54.86114806538099,31.872209917805392
124.064,2285,3,15.0,50.703,195.429,0.317,0.806,20,150,54.295171115800116,31.594763073409936
128.193,2358,0,0.0,51.847,198.745,0.314,0.79,20,150,54.36494554676577,31.600709887659075

131.036,2378.75,2.0,6.25,51.612,199.09,0.31,0.787,20.0,150.0,55.059,31.915
131.036,2378.75,2.0,6.25,51.612,199.09,0.31,0.787,20.0,150.0,55.059,31.915

147.519,2698,0,0.0,55.069,210.217,0.292,0.78,20,200,54.67719842629401,31.714138055042127
129.779,2198,1,5.0,50.009,196.225,0.325,0.757,20,200,59.044137556407534,34.351430338442164
160.882,2796,2,10.0,56.821,219.655,0.291,0.8,20,200,57.54021641522518,33.53369116612599
147.801,2723,2,5.0,55.868,212.4,0.293,0.818,20,200,54.278847053127166,31.543591772857678
146.495,2603.75,1.25,5.0,54.442,209.624,0.3,0.789,20.0,200.0,56.385,32.786
152.067,2739.0,1.25,5.0,55.919,209.624,0.292,0.789,20.0,200.0,56.385,32.786
133.144,2392,1,5.0,50.871,202.138,0.304,0.798,20,250,55.6621520614943,32.21778317438719
145.637,2564,2,5.0,54.184,209.263,0.302,0.834,20,250,56.80084433086949,32.881813190656594
156.029,2858,2,5.0,56.701,220.402,0.284,0.736,20,250,54.593815513221095,31.653052113788625
163.228,3000,0,0.0,55.882,216.02,0.266,0.788,20,250,54.409271796544395,31.870896339416504
149.51,2703.5,1.25,3.75,54.41,211.956,0.289,0.789,20.0,250.0,55.367,32.156
149.51,2703.5,1.25,5.0,54.41,211.956,0.289,0.789,20.0,250.0,55.367,32.156
93.151,1757,99,35.0,42.863,167.687,0.349,0.815,50,80,53.017006723732855,32.997560826770005
99.321,1969,139,50.0,43.57,172.909,0.316,0.742,50,80,50.442288889383654,31.79808156995255
91.272,1816,47,25.0,43.056,167.755,0.339,0.907,50,80,50.25996589450584,31.688039260813845
93.372,1846,121,35.0,43.549,167.376,0.337,0.83,50,80,50.580851822478024,31.784702354753524
94.279,1847.0,101.5,36.25,43.26,168.932,0.335,0.824,50.0,80.0,51.075,32.067
92.598,1847.0,101.5,31.667,43.26,167.606,0.342,0.824,50.0,80.0,50.428,31.757
82.087,1637,6,20.0,42.539,164.33,0.372,0.84,50,100,50.14475643015811,31.65849986859918
98.677,1962,100,40.0,43.88,173.556,0.32,0.754,50,100,50.29417736936175,31.78231869268855
108.164,2145,141,60.0,45.153,179.771,0.301,0.76,50,100,50.42614425534691,31.805704023454577
95.165,1892,81,25.0,43.684,171.429,0.33,0.754,50,100,50.29866874344001,31.772622472388047
96.023,1909.0,82.0,36.25,43.814,172.272,0.331,0.777,50.0,100.0,50.291,31.755
96.023,1909.0,82.0,36.25,43.814,172.272,0.331,0.756,50.0,100.0,50.34,31.787
135.128,2681,148,55.0,51.837,202.362,0.276,0.855,50,150,50.40218366788688,31.738262308128554
121.656,2419,105,45.0,49.157,195.674,0.291,0.772,50,150,50.29177557293568,31.818388709848502
123.298,2457,125,40.0,50.636,197.351,0.295,0.798,50,150,50.18245936119318,31.79568607825596
117.158,2337,67,40.0,48.595,190.571,0.297,0.823,50,150,50.13183706787135,31.772682898361868
124.31,2473.5,111.25,45.0,50.056,196.49,0.29,0.812,50.0,150.0,50.252,31.781
120.704,2473.5,111.25,45.0,50.056,196.49,0.29,0.812,50.0,150.0,50.252,31.781
115.957,2316,50,35.0,49.262,193.617,0.304,0.8,50,200,50.06765186889596,31.709435690252274
121.324,2420,56,45.0,50.958,199.009,0.301,0.882,50,200,50.13408601776628,31.75126067863023
115.445,2305,44,50.0,48.982,192.518,0.304,0.778,50,200,50.08471379311121,31.716115976362577
135.752,2708,61,45.0,51.88,207.584,0.274,0.758,50,200,50.13009716524155,31.747087946318455
122.12,2437.25,52.75,43.75,50.27,198.182,0.296,0.804,50.0,200.0,50.104,31.731
122.12,2437.25,52.75,46.667,50.27,198.182,0.303,0.804,50.0,200.0,50.104,31.731
125.125,2498,16,20.0,51.682,200.767,0.296,0.781,50,250,50.090156716284895,31.77656842957887
136.66,2731,20,30.0,54.114,210.664,0.283,0.787,50,250,50.04033270619021,31.697370071020025
122.954,2459,14,25.0,51.419,199.418,0.299,0.8,50,250,50.00150586687098,31.69900423727078
106.096,2123,1,5.0,48.713,188.668,0.328,0.76,50,250,49.97456090606388,31.69820536659733
122.709,2452.75,12.75,20.0,51.482,199.879,0.302,0.782,50.0,250.0,50.027,31.718
122.709,2452.75,16.667,20.0,51.482,199.879,0.293,0.782,50.0,250.0,50.027,31.698
86.363,1715,119,65.0,41.296,161.93,0.344,0.856,80,80,50.357575736309975,31.899607772382286
91.355,1815,134,45.0,41.371,163.028,0.326,0.916,80,80,50.33352421006552,31.829951420303217
83.884,1669,60,50.0,41.015,160.886,0.351,0.83,80,80,50.26032626093184,31.841536065359325
85.919,1706,116,60.0,41.622,162.861,0.349,0.874,80,80,50.36274335867915,31.863939859942562
86.88,1726.25,107.25,55.0,41.326,162.176,0.342,0.869,80.0,80.0,50.329,31.859
85.389,1696.667,123.0,55.0,41.326,162.176,0.342,0.869,80.0,80.0,50.329,31.859
92.996,1843,136,60.0,41.889,167.582,0.325,0.995,80,100,50.45916474001342,31.88068855086941
92.28,1824,204,70.0,41.892,166.542,0.328,0.786,80,100,50.59235020164858,31.946025788784027
97.633,1928,203,55.0,41.719,166.535,0.309,0.911,80,100,50.63951497750658,32.03161079359253
95.087,1889,119,55.0,42.135,168.515,0.319,0.761,80,100,50.33716819726834,31.816559913235405
94.499,1871.0,165.5,60.0,41.909,167.294,0.32,0.863,80.0,100.0,50.507,31.919
94.499,1871.0,165.5,60.0,41.833,167.294,0.32,0.863,80.0,100.0,50.507,31.919
92.197,1838,61,15.0,42.891,168.45,0.334,0.853,80,150,50.16180247035977,31.784844995193566
88.152,1758,20,15.0,42.753,166.881,0.348,0.795,80,150,50.143578624833836,31.776597746674387
87.511,1746,44,30.0,43.539,168.466,0.357,0.855,80,150,50.12075748094033,31.73298483452027
97.794,1942,117,45.0,45.14,176.984,0.332,0.777,80,150,50.357361041185904,31.90661078255651
91.414,1821.0,60.5,26.25,43.581,170.195,0.343,0.82,80.0,150.0,50.196,31.8
91.414,1821.0,60.5,26.25,43.581,167.932,0.343,0.82,80.0,150.0,50.142,31.765
117.297,2330,121,45.0,49.522,192.185,0.304,0.787,80,200,50.34206680985479,31.842266029554374
111.319,2216,91,50.0,47.558,187.226,0.307,0.793,80,200,50.23399490311688,31.770080005218837
110.168,2195,64,35.0,46.767,184.126,0.305,0.865,80,200,50.190597677556696,31.759259043630543
123.809,2462,115,45.0,48.709,195.376,0.283,0.819,80,200,50.28791954418588,31.848928969047783
115.648,2300.75,97.75,43.75,48.139,189.728,0.3,0.816,80.0,200.0,50.264,31.805
115.648,2300.75,97.75,46.667,48.139,189.728,0.305,0.816,80.0,200.0,50.264,31.805
108.219,2154,71,45.0,47.734,184.967,0.317,0.789,80,250,50.241179674338056,31.79797211950757
104.708,2071,50,45.0,47.616,184.246,0.329,0.79,80,250,50.55925087442955,31.793017596912986
101.606,1982,39,25.0,46.838,182.686,0.338,0.814,80,250,51.26428050783159,32.369449328702586
120.185,2387,94,45.0,49.994,193.582,0.299,0.824,80,250,50.34968530377634,31.78230238899707
108.68,2148.5,63.5,40.0,48.046,186.37,0.321,0.804,80.0,250.0,50.604,31.936
108.68,2148.5,63.5,45.0,47.396,183.966,0.321,0.804,80.0,250.0,50.604,31.791

================================================================
150.425,2633,6,20.0,53.493,208.165,0.29,0.798,20.0,120,57.13076823300116,32.578233797831814
129.48,2309,3,10.0,49.813,194.718,0.308,0.8,20.0,120,56.0762488826522,31.991129470831805
135.631,2413,8,15.0,50.246,196.952,0.298,0.734,20.0,120,56.20829998779929,32.06109032312766
138.512,2451.667,5.667,15.0,51.184,199.945,0.299,0.777,20.0,120.0,56.472,32.21
138.512,2451.667,5.667,15.0,51.184,199.945,0.299,0.777,20.0,120.0,56.472,32.21
147.514,2614,4,10.0,53.638,207.207,0.293,0.761,20.0,140,56.43238889961272,32.17303461032508
145.457,2576,3,15.0,52.265,205.099,0.29,0.773,20.0,140,56.46617729101122,32.23943830647084
143.05,2528,0,0.0,53.548,204.669,0.303,0.729,20.0,140,56.586313756960855,32.24071964055677
145.34,2572.667,2.333,8.333,53.15,205.658,0.295,0.754,20.0,140.0,56.495,32.218
145.34,2572.667,2.333,8.333,53.15,205.658,0.295,0.754,20.0,140.0,56.495,32.218
147.861,2614,2,10.0,53.893,207.527,0.295,0.77,20.0,160,56.565019039133624,32.277914158880215
153.85,2717,2,5.0,54.742,208.665,0.288,0.761,20.0,160,56.62479451530156,32.265757215694336
170.307,3000,5,10.0,57.841,221.154,0.276,0.771,20.0,160,56.76906156539917,32.28237795829773
157.339,2777.0,3.0,8.333,55.492,212.449,0.286,0.767,20.0,160.0,56.653,32.275
157.339,2777.0,3.0,8.333,55.492,212.449,0.286,0.767,20.0,160.0,56.653,32.275
168.262,2846,2,5.0,56.687,218.176,0.285,0.76,20.0,180,59.122237954773034,33.63924669867574
170.29,3000,2,5.0,56.028,220.912,0.267,0.719,20.0,180,56.7632311185201,32.28304584821065
169.276,2923.0,2.0,5.0,56.358,219.544,0.276,0.74,20.0,180.0,57.943,32.961
169.276,2923.0,2.0,5.0,56.358,219.544,0.276,0.74,20.0,180.0,57.943,32.961
168.603,2920,1,5.0,57.281,221.421,0.28,0.785,20.0,220,57.740675586543674,32.822151869943696
159.87,2821,1,5.0,56.901,218.172,0.288,0.789,20.0,220,56.67140559075107,32.28599718385282
145.23,2560,0,0.0,53.076,206.104,0.296,0.761,20.0,220,56.73029404133558,32.276201993227005
157.901,2767.0,0.667,3.333,55.753,215.232,0.288,0.778,20.0,220.0,57.047,32.461
157.901,2767.0,0.667,3.333,55.753,215.232,0.288,0.778,20.0,220.0,57.047,32.461
160.96,2837,2,10.0,56.453,222.034,0.284,0.785,20.0,240,56.73583998493548,32.302314057751865
154.298,2724,3,10.0,55.583,213.888,0.292,0.824,20.0,240,56.64406876557024,32.302916487583154
148.214,2614,1,5.0,55.385,211.396,0.303,0.78,20.0,240,56.70018276369289,32.30545761572466
154.491,2725.0,2.0,8.333,55.807,215.773,0.293,0.796,20.0,240.0,56.693,32.304
154.491,2725.0,2.0,8.333,55.807,215.773,0.293,0.796,20.0,240.0,56.693,32.304
128.574,2249,106,45.0,46.174,183.767,0.294,0.872,30.0,80,57.16948267511391,32.48095077745328
118.092,2069,86,50.0,45.59,180.322,0.315,0.75,30.0,80,57.07708345397536,32.461056448861335
112.77,1977,95,55.0,44.947,177.16,0.325,0.823,30.0,80,57.040790505763795,32.47031564958541
119.812,2098.333,95.667,50.0,45.57,180.416,0.311,0.815,30.0,80.0,57.096,32.471
119.812,2098.333,95.667,50.0,45.57,180.416,0.311,0.815,30.0,80.0,57.096,32.471
134.823,2371,79,40.0,49.49,192.858,0.298,0.935,30.0,100,56.863551801490864,32.41256237633366
152.544,2683,110,45.0,51.567,206.01,0.275,0.749,30.0,100,56.8556182205877,32.3838124824379
141.309,2487,77,50.0,49.971,195.967,0.287,0.773,30.0,100,56.819046650922196,32.33848990903209
142.892,2513.667,88.667,45.0,50.343,198.278,0.287,0.819,30.0,100.0,56.846,32.378
142.892,2513.667,88.667,45.0,50.343,198.278,0.287,0.819,30.0,100.0,56.846,32.378
145.406,2556,50,40.0,51.222,200.62,0.287,0.774,30.0,120,56.88813352062482,32.32897512603068
131.249,2307,50,50.0,49.387,192.991,0.306,0.88,30.0,120,56.89152123145743,32.3408592506875
123.801,2178,47,30.0,47.86,188.114,0.314,0.72,30.0,120,56.84163397446589,32.33870965171232
133.485,2347.0,49.0,40.0,49.49,193.908,0.302,0.791,30.0,120.0,56.874,32.336
133.485,2347.0,49.0,40.0,49.49,193.908,0.302,0.791,30.0,120.0,56.874,32.336
144.2,2537,35,25.0,51.76,202.036,0.292,0.779,30.0,140,56.83881887827608,32.339427242797804
147.357,2364,27,35.0,49.526,195.41,0.3,0.799,30.0,140,62.333865113266434,35.26614503005233
135.072,2096,8,15.0,47.045,185.079,0.321,0.806,30.0,140,64.44299937659548,36.71976059447718
142.21,2332.333,23.333,25.0,49.444,194.175,0.304,0.795,30.0,140.0,61.205,34.775
142.21,2332.333,23.333,25.0,49.444,194.175,0.304,0.795,30.0,140.0,61.205,34.775
168.607,2618,11,30.0,52.902,205.564,0.289,0.755,30.0,160,64.40315062622699,36.73430933489701
151.482,2358,3,15.0,50.225,196.128,0.305,0.778,30.0,160,64.24174630308273,36.62812315477367
162.984,2529,16,35.0,53.436,203.463,0.302,0.871,30.0,160,64.44606558519561,36.764096157877944
161.024,2501.667,10.0,26.667,52.188,201.718,0.299,0.801,30.0,160.0,64.364,36.709
161.024,2501.667,10.0,26.667,52.188,201.718,0.299,0.801,30.0,160.0,64.364,36.709
153.765,2387,9,20.0,51.816,197.856,0.31,0.816,30.0,180,64.41767564317298,36.77813178782789
160.307,2501,7,20.0,52.437,205.841,0.3,0.805,30.0,180,64.09721220078254,36.44506104799901
145.236,2260,5,15.0,49.192,191.747,0.311,0.76,30.0,180,64.26395483776531,36.693102068605675
153.103,2382.667,7.0,18.333,51.148,198.481,0.307,0.794,30.0,180.0,64.26,36.639
153.103,2382.667,7.0,18.333,51.148,198.481,0.307,0.794,30.0,180.0,64.26,36.639
153.955,2394,13,30.0,51.761,203.521,0.309,0.796,30.0,200,64.30859962103261,36.72878335890615
141.934,2285,0,0.0,51.6,197.413,0.323,0.861,30.0,200,62.11548696722452,35.33340658609403
155.859,2497,3,5.0,52.714,204.873,0.302,0.798,30.0,200,62.41834789072937,36.05070685118162
150.583,2392.0,5.333,11.667,52.025,201.936,0.311,0.818,30.0,200.0,62.947,36.038
150.583,2392.0,5.333,11.667,52.025,201.936,0.311,0.818,30.0,200.0,62.947,36.038
155.825,2485,4,15.0,54.343,206.084,0.313,0.789,30.0,220,62.70614802477585,36.13123366050797
188.133,3000,0,0.0,57.08,219.455,0.272,0.805,30.0,220,62.71110320091247,36.16068069140117
171.979,2742.5,2.0,7.5,55.712,212.77,0.292,0.797,30.0,220.0,62.709,36.146
171.979,2742.5,2.0,7.5,55.712,212.77,0.292,0.797,30.0,220.0,62.709,36.146
177.406,2804,2,5.0,56.311,217.401,0.287,0.76,30.0,240,63.26895544090216,36.429611490388396
170.052,2730,1,5.0,57.087,216.834,0.299,0.798,30.0,240,62.290140036698226,35.878555241958566
175.059,2824,4,10.0,57.365,220.801,0.29,0.825,30.0,240,61.98978584481366,35.67958570404701
174.172,2786.0,2.333,6.667,56.921,218.345,0.292,0.794,30.0,240.0,62.516,35.996
174.172,2786.0,2.333,6.667,56.921,218.345,0.292,0.794,30.0,240.0,62.516,35.996
135.296,2176,153,35.0,46.442,183.552,0.305,0.771,40.0,80,62.17665356748244,35.689794184530484
131.422,2104,163,45.0,45.554,181.393,0.31,0.807,40.0,80,62.46303911444805,35.99377934017109
121.036,1946,99,40.0,44.244,173.754,0.325,0.795,40.0,80,62.19709666880405,35.80398770299992
129.251,2075.333,138.333,40.0,45.413,179.566,0.313,0.791,40.0,80.0,62.279,35.829
129.251,2075.333,138.333,40.0,45.413,179.566,0.313,0.791,40.0,80.0,62.279,35.829
136.73,2272,149,50.0,47.686,186.72,0.3,0.796,40.0,100,60.180452927737164,34.33004861146632
136.302,2211,106,55.0,47.19,185.477,0.305,0.816,40.0,100,61.647330296627274,35.240429982185795
117.63,1952,56,35.0,45.192,175.421,0.331,0.793,40.0,100,60.26126114559955,34.49920955740037
130.221,2145.0,103.667,46.667,46.689,182.539,0.312,0.802,40.0,100.0,60.696,34.69
130.221,2145.0,103.667,46.667,46.689,182.539,0.312,0.802,40.0,100.0,60.696,34.69
137.472,2269,56,30.0,46.457,185.877,0.293,0.786,40.0,120,60.586925223305556,34.72090639591007
135.504,2250,101,40.0,47.412,187.685,0.301,0.765,40.0,120,60.2241219414605,34.51640510559082
134.551,2233,97,50.0,47.957,187.394,0.307,0.804,40.0,120,60.25592841965385,34.690173815784036
135.842,2250.667,84.667,40.0,47.275,186.985,0.3,0.785,40.0,120.0,60.356,34.642
135.842,2250.667,84.667,40.0,47.275,186.985,0.3,0.785,40.0,120.0,60.356,34.642
149.398,2486,67,35.0,49.884,197.36,0.287,0.779,40.0,140,60.0957131059728,34.44161169584586
147.635,2421,81,50.0,49.855,195.434,0.294,0.756,40.0,140,60.980903861050955,34.9543177357689
145.961,2400,62,40.0,49.839,192.793,0.297,0.774,40.0,140,60.817108849684395,34.81080720822016
147.665,2435.667,70.0,41.667,49.859,195.196,0.293,0.77,40.0,140.0,60.631,34.736
147.665,2435.667,70.0,41.667,49.859,195.196,0.293,0.77,40.0,140.0,60.631,34.736
150.477,2480,40,55.0,50.155,199.006,0.289,0.791,40.0,160,60.67634715187934,34.88479179720725
121.889,1906,6,15.0,46.008,179.437,0.345,0.79,40.0,160,63.95019264061077,36.70950588874776
155.504,2430,59,55.0,50.091,196.819,0.295,0.854,40.0,160,63.99352108990705,36.797196188090766
142.623,2272.0,35.0,41.667,48.751,191.754,0.31,0.812,40.0,160.0,62.873,36.13
142.623,2272.0,35.0,41.667,48.751,191.754,0.31,0.812,40.0,160.0,62.873,36.13
156.851,2463,16,20.0,51.359,198.195,0.298,0.796,40.0,180,63.68294538543615,36.90748402513821
150.38,2390,43,40.0,52.264,201.716,0.313,0.803,40.0,180,62.92047849758899,36.387904318805525
149.684,2284,8,10.0,47.526,190.934,0.298,0.929,40.0,180,65.53588116022834,37.76417210724224
152.305,2379.0,22.333,23.333,50.383,196.948,0.303,0.843,40.0,180.0,64.046,37.02
152.305,2379.0,22.333,23.333,50.383,196.948,0.303,0.843,40.0,180.0,64.046,37.02
154.289,2391,16,15.0,49.118,198.707,0.294,0.766,40.0,200,64.52928801950976,37.220239439852215
173.602,2713,16,35.0,54.485,210.034,0.287,0.759,40.0,200,63.98893140841356,37.054096250748486
177.256,2773,25,25.0,53.899,208.159,0.278,0.78,40.0,200,63.92228667846966,37.04501565423546
168.382,2625.667,19.0,25.0,52.501,205.633,0.286,0.768,40.0,200.0,64.147,37.106
168.382,2625.667,19.0,25.0,52.501,205.633,0.286,0.768,40.0,200.0,64.147,37.106
148.173,2318,13,20.0,50.295,197.224,0.31,0.891,40.0,220,63.92295819299812,37.08818300311374
145.504,2285,9,20.0,49.799,195.241,0.312,0.875,40.0,220,63.67807430041958,36.91966570180146
143.089,2245,5,15.0,50.63,196.848,0.322,0.829,40.0,220,63.73662736208774,36.87091606496968
145.589,2282.667,9.0,18.333,50.241,196.438,0.315,0.865,40.0,220.0,63.779,36.96
145.589,2282.667,9.0,18.333,50.241,196.438,0.315,0.865,40.0,220.0,63.779,36.96
136.164,2201,7,10.0,50.606,197.38,0.329,0.778,40.0,240,61.86445904341355,35.49118737424845
147.026,2340,0,0.0,51.202,200.209,0.313,0.746,40.0,240,62.831658583420975,36.09260147453374
153.737,2532,6,15.0,52.86,205.005,0.298,0.915,40.0,240,60.71745586621253,34.81059974592067
145.642,2357.667,4.333,8.333,51.556,200.865,0.313,0.813,40.0,240.0,61.805,35.465
145.642,2357.667,4.333,8.333,51.556,200.865,0.313,0.813,40.0,240.0,61.805,35.465

==== 应从50 开始
97.994,1811,91,40.0,44.364,175.503,0.35,0.801,50.0,120,54.110312185387535,31.09988739712998
104.848,1967,124,50.0,45.114,176.597,0.328,0.811,50.0,120,53.30346439111396,30.449607981966423
110.646,2062,91,45.0,45.35,179.997,0.314,0.88,50.0,120,53.6595676618219,30.6727283794133
104.496,1946.667,102.0,45.0,44.943,177.366,0.331,0.831,50.0,120.0,53.691,30.741
104.496,1946.667,102.0,45.0,44.943,177.366,0.331,0.831,50.0,120.0,53.691,30.741
138.944,2590,133,50.0,49.859,200.86,0.275,0.743,50.0,140,53.646427415972965,30.662417872071728
121.661,2256,95,45.0,48.526,191.414,0.308,0.763,50.0,140,53.927674466836535,30.76773797366636
134.961,2492,151,50.0,50.754,195.199,0.291,0.743,50.0,140,54.15777122993531,30.9171150431013
131.855,2446.0,126.333,48.333,49.713,195.824,0.291,0.75,50.0,140.0,53.911,30.782
131.855,2446.0,126.333,48.333,49.713,195.824,0.291,0.75,50.0,140.0,53.911,30.782
117.958,2181,53,40.0,46.94,186.68,0.308,0.807,50.0,160,54.08450771176121,30.940807942456466
129.226,2390,77,40.0,50.601,195.805,0.303,0.853,50.0,160,54.06964164398704,30.875114816003265
135.294,2496,130,55.0,49.37,197.325,0.283,0.806,50.0,160,54.204213027006546,30.8653334967601
127.493,2355.667,86.667,45.0,48.97,193.27,0.298,0.822,50.0,160.0,54.119,30.894
127.493,2355.667,86.667,45.0,48.97,193.27,0.298,0.822,50.0,160.0,54.119,30.894
102.449,1892,21,25.0,45.706,180.228,0.345,0.771,50.0,180,54.14858781762153,30.943115216228975
120.314,2222,54,35.0,48.346,191.668,0.311,0.789,50.0,180,54.14683576321194,30.94940889428909
111.706,2063,29,35.0,47.452,183.704,0.329,0.799,50.0,180,54.14714052789257,30.89936739948844
111.49,2059.0,34.667,31.667,47.168,185.2,0.328,0.786,50.0,180.0,54.148,30.931
111.49,2059.0,34.667,31.667,47.168,185.2,0.328,0.786,50.0,180.0,54.148,30.931
134.473,2485,14,30.0,50.57,201.058,0.291,0.827,50.0,220,54.113835444152954,30.919059085654062
129.328,2386,15,20.0,49.102,195.989,0.294,0.829,50.0,220,54.20304363950999,30.94612103196022
137.9,2548,29,30.0,52.165,201.686,0.293,0.817,50.0,220,54.120744041969864,30.895039462594074
133.9,2473.0,19.333,26.667,50.612,199.578,0.293,0.824,50.0,220.0,54.146,30.92
133.9,2473.0,19.333,26.667,50.612,199.578,0.293,0.824,50.0,220.0,54.146,30.92
117.022,2160,13,15.0,49.828,190.685,0.33,0.818,50.0,240,54.17664613988664,30.942812120472944
119.308,2206,8,20.0,49.421,191.11,0.32,0.816,50.0,240,54.08350403267799,30.9334571860859
150.491,2778,36,25.0,53.938,209.754,0.278,0.816,50.0,240,54.17249896184758,30.889524668562405
128.94,2381.333,19.0,20.0,51.062,197.183,0.309,0.817,50.0,240.0,54.144,30.922
128.94,2381.333,19.0,20.0,51.062,197.183,0.309,0.817,50.0,240.0,54.144,30.922
93.941,1732,144,50.0,41.824,164.472,0.345,0.82,60.0,80,54.23835257184423,30.955469085217622
98.838,1823,154,55.0,42.44,166.435,0.333,0.889,60.0,80,54.217514466010016,30.927726873250304
94.32,1738,164,55.0,41.803,163.969,0.344,0.822,60.0,80,54.26926538776885,30.873751475704005
95.7,1764.333,154.0,53.333,42.022,164.959,0.341,0.844,60.0,80.0,54.242,30.919
95.7,1764.333,154.0,53.333,42.022,164.959,0.341,0.844,60.0,80.0,54.242,30.919
97.64,1804,92,35.0,42.538,168.734,0.337,0.829,60.0,100,54.12438663833686,30.877223828943762
101.337,1871,104,45.0,43.986,172.798,0.336,0.776,60.0,100,54.161861578708404,30.887055690119062
101.376,1871,129,40.0,42.725,169.306,0.327,0.775,60.0,100,54.18300335576737,30.889999031829426
100.118,1848.667,108.333,40.0,43.083,170.279,0.333,0.793,60.0,100.0,54.156,30.885
100.118,1848.667,108.333,40.0,43.083,170.279,0.333,0.793,60.0,100.0,54.156,30.885
124.727,2301,211,40.0,45.339,182.656,0.282,0.798,60.0,120,54.20552591094241,30.88990370639766
103.853,1914,133,50.0,43.028,171.045,0.321,0.926,60.0,120,54.25985841043566,30.90118502374727
105.781,1949,109,35.0,43.229,172.596,0.317,0.797,60.0,120,54.274317788857566,30.900259150059302
111.454,2054.667,151.0,41.667,43.865,175.432,0.307,0.84,60.0,120.0,54.247,30.897
111.454,2054.667,151.0,41.667,43.865,175.432,0.307,0.84,60.0,120.0,54.247,30.897
105.422,1948,62,30.0,44.71,176.94,0.328,0.773,60.0,140,54.11827282739126,30.900640654123293
105.95,1954,115,25.0,44.071,173.816,0.323,0.755,60.0,140,54.222344986125904,30.916869579342517
113.454,2093,103,35.0,46.168,181.603,0.315,0.804,60.0,140,54.20638121774877,30.91272644830331
108.275,1998.333,93.333,30.0,44.983,177.453,0.322,0.777,60.0,140.0,54.182,30.91
108.275,1998.333,93.333,30.0,44.983,177.453,0.322,0.777,60.0,140.0,54.182,30.91
121.828,2247,112,45.0,47.579,188.931,0.303,0.825,60.0,160,54.21813403334573,30.949832069964
119.808,2209,107,40.0,47.863,187.999,0.31,0.849,60.0,160,54.23623396293671,30.963598413670315
124.436,2298,156,35.0,48.013,189.884,0.299,0.79,60.0,160,54.14970145213075,30.889179833149058
122.024,2251.333,125.0,40.0,47.818,188.938,0.304,0.821,60.0,160.0,54.201,30.934
122.024,2251.333,125.0,40.0,47.818,188.938,0.304,0.821,60.0,160.0,54.201,30.934
121.107,2235,58,35.0,46.104,187.921,0.295,0.765,60.0,180,54.1866018734789,30.911386626412135
114.097,2096,48,25.0,45.643,183.874,0.311,0.793,60.0,180,54.43577923392522,30.904416592066525
123.9,2285,87,45.0,47.673,192.659,0.298,0.861,60.0,180,54.22333022436897,30.954565261072872
119.701,2205.333,64.333,35.0,46.473,188.151,0.301,0.806,60.0,180.0,54.282,30.923
119.701,2205.333,64.333,35.0,46.473,188.151,0.301,0.806,60.0,180.0,54.282,30.923
119.514,2196,47,25.0,47.787,190.071,0.311,0.813,60.0,200,54.42367247110725,30.86754348542955
129.277,2387,62,55.0,49.343,194.051,0.296,0.82,60.0,200,54.15893549893159,30.896669858461852
105.665,1933,63,30.0,44.579,183.459,0.33,0.753,60.0,200,54.66356033250204,30.929169504369902
118.152,2172.0,57.333,36.667,47.236,189.194,0.312,0.795,60.0,200.0,54.415,30.898
118.152,2172.0,57.333,36.667,47.236,189.194,0.312,0.795,60.0,200.0,54.415,30.898
133.338,2461,43,30.0,50.503,200.715,0.293,0.782,60.0,220,54.180587321362424,30.93645176428307
117.398,2169,62,60.0,48.22,188.888,0.318,0.767,60.0,220,54.12527359592689,30.92130256061897
125.299,2312,72,50.0,51.009,195.991,0.315,0.798,60.0,220,54.19487049835364,30.935734613543975
125.345,2314.0,59.0,46.667,49.911,195.198,0.309,0.782,60.0,220.0,54.167,30.931
125.345,2314.0,59.0,46.667,49.911,195.198,0.309,0.782,60.0,220.0,54.167,30.931
115.097,2124,21,45.0,48.327,187.932,0.325,0.792,60.0,240,54.188930045413436,30.974799405832524
125.006,2309,51,45.0,49.293,193.949,0.305,0.833,60.0,240,54.13874871496413,30.916848911667035
139.598,2573,55,35.0,51.768,203.061,0.288,0.823,60.0,240,54.254800579309745,30.948383262358515
126.567,2335.333,42.333,41.667,49.796,194.981,0.306,0.816,60.0,240.0,54.194,30.947
126.567,2335.333,42.333,41.667,49.796,194.981,0.306,0.816,60.0,240.0,54.194,30.947
93.926,1733,153,60.0,41.988,165.378,0.347,0.775,70.0,80,54.19831377745913,30.906694030321475
91.526,1686,93,60.0,41.673,163.277,0.354,0.773,70.0,80,54.286175068304345,30.971685903917994
102.454,1890,173,75.0,42.298,167.872,0.32,0.767,70.0,80,54.20850420755053,30.90616571840155
95.969,1769.667,139.667,65.0,41.986,165.509,0.34,0.772,70.0,80.0,54.231,30.928
95.969,1769.667,139.667,65.0,41.986,165.509,0.34,0.772,70.0,80.0,54.231,30.928
98.643,1815,187,55.0,42.003,166.405,0.331,0.884,70.0,100,54.34888703107177,30.923312426270204
88.702,1632,63,50.0,42.124,162.988,0.369,0.743,70.0,100,54.35188406822728,31.01802997144998
104.93,1932,183,60.0,43.182,171.902,0.32,0.769,70.0,100,54.31141283201134,30.898034078981073
97.425,1793.0,144.333,55.0,42.436,167.098,0.34,0.799,70.0,100.0,54.337,30.946
97.425,1793.0,144.333,55.0,42.436,167.098,0.34,0.799,70.0,100.0,54.337,30.946
94.452,1739,109,30.0,41.806,166.098,0.344,0.831,70.0,120,54.31419066000834,30.9423348765184
99.647,1835,112,45.0,42.666,168.281,0.333,0.801,70.0,120,54.30379238700347,30.975895161849603
117.66,2166,176,70.0,44.704,178.775,0.295,0.824,70.0,120,54.32122940281862,30.893395041714964
103.92,1913.333,132.333,48.333,43.059,171.051,0.324,0.819,70.0,120.0,54.313,30.937
103.92,1913.333,132.333,48.333,43.059,171.051,0.324,0.819,70.0,120.0,54.313,30.937
117.655,2163,175,45.0,46.278,183.27,0.306,0.789,70.0,140,54.39419058589433,30.93651671460311
96.328,1773,64,40.0,43.192,168.865,0.348,0.87,70.0,140,54.330601910044095,30.968420800017018
106.932,1972,81,30.0,43.772,172.652,0.317,0.801,70.0,140,54.224985729124676,30.903336121634585
106.972,1969.333,106.667,38.333,44.414,174.929,0.324,0.82,70.0,140.0,54.317,30.936
106.972,1969.333,106.667,38.333,44.414,174.929,0.324,0.82,70.0,140.0,54.317,30.936
104.03,1918,80,30.0,43.196,174.686,0.322,0.869,70.0,160,54.238567635712215,30.936371298104806
108.877,2004,98,35.0,45.423,178.95,0.324,0.819,70.0,160,54.32969307947064,30.947572218919706
109.416,2017,56,35.0,43.714,177.272,0.31,0.807,70.0,160,54.24696440500497,30.984827712082186
107.441,1979.667,78.0,33.333,44.111,176.969,0.319,0.832,70.0,160.0,54.272,30.956
107.441,1979.667,78.0,33.333,44.111,176.969,0.319,0.832,70.0,160.0,54.272,30.956
100.628,1853,67,30.0,44.914,174.695,0.347,0.851,70.0,180,54.305651608635394,30.99868262837014
127.451,2345,182,40.0,47.869,190.322,0.292,0.793,70.0,180,54.350219149071016,30.935264497931833
102.337,1890,70,30.0,44.658,174.015,0.338,0.777,70.0,180,54.14656268225776,30.91564279384714
110.139,2029.333,106.333,33.333,45.814,179.677,0.326,0.807,70.0,180.0,54.267,30.95
110.139,2029.333,106.333,33.333,45.814,179.677,0.326,0.807,70.0,180.0,54.267,30.95
158.783,2929,124,60.0,51.057,210.185,0.249,0.872,70.0,200,54.2106541320707,30.913026066679482
102.676,1894,31,30.0,46.4,178.011,0.35,0.769,70.0,200,54.21145979429122,30.966992992534053
122.819,2258,93,45.0,48.297,190.11,0.306,0.921,70.0,200,54.39270186783256,30.990745242028453
128.093,2360.333,82.667,45.0,48.585,192.769,0.302,0.854,70.0,200.0,54.272,30.957
128.093,2360.333,82.667,45.0,48.585,192.769,0.302,0.854,70.0,200.0,54.272,30.957
107.666,1989,38,25.0,46.209,181.22,0.332,0.841,70.0,220,54.130890190811115,30.920112115045836
118.619,2188,81,50.0,47.749,186.76,0.312,0.803,70.0,220,54.21352408267898,30.93030476700889
127.518,2350,107,65.0,49.128,193.416,0.299,0.809,70.0,220,54.26319649878968,30.976563007273572
117.934,2175.667,75.333,46.667,47.695,187.132,0.314,0.818,70.0,220.0,54.203,30.942
117.934,2175.667,75.333,46.667,47.695,187.132,0.314,0.818,70.0,220.0,54.203,30.942
102.959,1900,26,20.0,46.329,182.327,0.349,0.787,70.0,240,54.18897515849063,30.976284554130153
144.798,2673,78,45.0,51.062,205.417,0.273,0.854,70.0,240,54.17062127541122,30.900589143386995
124.988,2308,42,30.0,47.74,191.885,0.296,0.849,70.0,240,54.15416084087907,30.93129551390015
124.248,2293.667,48.667,31.667,48.377,193.21,0.306,0.83,70.0,240.0,54.171,30.936
124.248,2293.667,48.667,31.667,48.377,193.21,0.306,0.83,70.0,240.0,54.171,30.936
95.247,1753,139,35.0,42.064,166.139,0.343,0.885,80.0,120,54.333835075191274,30.984832161981174
91.432,1687,82,45.0,41.916,164.326,0.355,0.851,80.0,120,54.19785141167587,30.917904401009224
98.683,1820,156,45.0,42.09,167.319,0.331,0.807,80.0,120,54.2216528902997,30.89806378542722
95.121,1753.333,125.667,41.667,42.023,165.928,0.343,0.848,80.0,120.0,54.251,30.934
95.121,1753.333,125.667,41.667,42.023,165.928,0.343,0.848,80.0,120.0,54.251,30.934
104.872,1932,122,50.0,43.353,172.5,0.321,0.773,80.0,140,54.28143058504377,30.942028477078395
100.112,1844,100,35.0,42.655,171.352,0.331,0.75,80.0,140,54.29085035386158,30.96293976405179
98.99,1822,106,55.0,42.351,169.761,0.332,0.777,80.0,140,54.33032476025277,31.00904047031172
101.325,1866.0,109.333,46.667,42.786,171.204,0.328,0.767,80.0,140.0,54.301,30.971
101.325,1866.0,109.333,46.667,42.786,171.204,0.328,0.767,80.0,140.0,54.301,30.971
123.93,2275,281,50.0,46.653,189.906,0.293,0.739,80.0,160,54.4746886242877,30.986822149255776
108.049,1992,97,50.0,45.084,177.083,0.324,0.851,80.0,160,54.241564498847744,30.970143146782995
106.223,1956,96,35.0,44.224,175.506,0.323,0.873,80.0,160,54.30611035575165,30.920490043538724
112.734,2074.333,158.0,45.0,45.32,180.832,0.313,0.821,80.0,160.0,54.341,30.959
112.734,2074.333,158.0,45.0,45.32,180.832,0.313,0.821,80.0,160.0,54.341,30.959
114.876,2116,135,45.0,46.43,184.498,0.314,0.77,80.0,180,54.28905624523055,30.908063589287163
111.425,2055,100,40.0,45.542,178.795,0.317,0.832,80.0,180,54.22143843342208,30.93241879539768
116.262,2138,176,50.0,45.44,180.328,0.304,0.76,80.0,180,54.378867037838255,30.968255367760797
114.188,2103.0,137.0,45.0,45.804,181.207,0.312,0.787,80.0,180.0,54.296,30.936
114.188,2103.0,137.0,45.0,45.804,181.207,0.312,0.787,80.0,180.0,54.296,30.936
117.53,2161,117,60.0,46.124,185.771,0.305,0.792,80.0,220,54.38702573162822,30.996654277485533
130.753,2413,117,60.0,48.506,194.829,0.287,0.816,80.0,220,54.18700505923395,30.936541322154028
107.852,1992,69,35.0,46.196,180.853,0.332,0.801,80.0,220,54.1425565160422,30.935765270248474
118.712,2188.667,101.0,51.667,46.942,187.151,0.308,0.803,80.0,220.0,54.239,30.956
118.712,2188.667,101.0,51.667,46.942,187.151,0.308,0.803,80.0,220.0,54.239,30.956
117.122,2159,64,45.0,47.69,186.955,0.316,0.817,80.0,240,54.248211614618484,30.98653289331999
138.961,2558,94,35.0,50.242,199.885,0.281,0.83,80.0,240,54.324269667559065,30.9890520768393
143.065,2637,90,50.0,51.795,203.297,0.281,0.843,80.0,240,54.25291609302994,30.930682932015028
133.049,2451.333,82.667,43.333,49.909,196.712,0.293,0.83,80.0,240.0,54.275,30.969
133.049,2451.333,82.667,43.333,49.909,196.712,0.293,0.83,80.0,240.0,54.275,30.969
================================================================
166.486,2995,7,15.0,56.513,216.162,0.27,0.731,10.0,80,55.58807280704454,31.554031690492458
134.093,2432,0,0.0,50.865,194.492,0.299,0.734,10.0,80,55.137016075222114,31.39534063245121
143.959,2727,5,10.0,52.751,202.425,0.277,0.699,10.0,80,52.790343477300205,30.318452623854814
148.179,2718.0,4.0,8.333,53.376,204.36,0.282,0.721,10.0,80.0,54.505,31.089
148.179,2718.0,4.0,8.333,53.376,204.36,0.282,0.721,10.0,80.0,54.505,31.089
82.366,1529,51,35.0,40.782,154.558,0.382,0.91,10.0,80,53.8693985337132,30.99180141097194
93.45,1741,38,35.0,43.832,163.447,0.36,0.833,10.0,80,53.675994045908325,30.69861300850243
1.604,26,0,0.0,0.355,1.697,0.203,0.399,10.0,80,61.688038019033584,35.38919412172758
59.14,1098.667,29.667,23.333,28.323,106.567,0.315,0.714,10.0,80.0,56.411,32.36
59.14,1098.667,29.667,23.333,28.323,106.567,0.315,0.714,10.0,80.0,56.411,32.36
164.575,3000,631,60.0,34.418,165.313,0.164,0.607,10.0,80,54.858352263768516,31.279025952021282
132.344,2296,543,40.0,25.375,124.912,0.158,0.654,10.0,100,57.64109124705352,32.66705432419993
62.296,1092,250,20.0,12.962,64.262,0.17,0.596,10.0,80,57.04730705463842,32.510574047382065
9.187,94,12,5.0,0.98,5.73,0.15,0.272,10.0,80,97.73648546097125,55.892092116335604
54.275,978,209,15.0,13.05,62.875,0.191,0.811,10.0,80,55.49607052637268,31.819989588606823
19.704,326,77,5.0,4.973,24.224,0.219,0.595,10.0,80,60.44264585693921,34.98175904794705
33.566,582,104,10.0,7.141,35.047,0.176,0.54,10.0,80,57.67371277628895,32.987879313963795
57.739,1056,204,15.0,13.13,63.014,0.178,0.592,10.0,80,54.676959460431874,31.48756447163495
8.72,119,53,0.0,0.984,7.1,0.119,0.49,10.0,80,73.27747144618955,42.7334068202171
29.705,516,83,10.0,5.006,26.206,0.139,0.525,10.0,80,57.5671209845432,33.02454856014991
40.41,719,154,10.0,9.464,44.002,0.188,0.61,10.0,80,56.20267692958529,32.222962346295816
61.953,1181,33,5.0,14.437,65.692,0.175,0.701,10.0,80,52.45800527044518,30.771907964669275
41.447,740,188,0.0,5.382,30.087,0.104,0.675,10.0,80,56.009042907405544,32.10499963244876
================================================================上下移动 P
85.776,1621,48,35.0,42.098,157.119,0.371,0.887,10.0,80,52.91578226954314,30.501501123380102
84.991,1628,64,50.0,42.723,157.92,0.375,0.912,10.0,80,52.20601731494838,29.97758537897021
89.17,1659,63,50.0,42.285,155.554,0.365,0.897,10.0,80,53.749189813716214,30.925403954826113
86.646,1636.0,58.333,45.0,42.369,156.864,0.37,0.899,10.0,80.0,52.957,30.468
86.646,1636.0,58.333,45.0,42.369,156.864,0.37,0.899,10.0,80.0,52.957,30.468
83.959,1574,35,35.0,42.761,158.85,0.389,0.927,10.0,100,53.34102986273953,30.7640011459021
2.06,26,1,0.0,0.497,2.002,0.296,0.66,10.0,100,79.2150038939256,55.54761336399959
================================================================ PPV
122.253,2251,0,0.0,47.7,187.182,0.303,0.797,10.0,80,54.310511292907094,31.182577746648462
111.573,2081,0,0.0,47.026,181.054,0.323,0.87,10.0,80,53.61490522308569,30.908398419718853
122.855,2296,0,0.0,48.237,185.24,0.3,0.857,10.0,80,53.508439961210776,30.86576519942865
118.894,2209.333,0.0,0.0,47.654,184.492,0.309,0.841,10.0,80.0,53.811,30.986
118.894,2209.333,0.0,0.0,47.654,184.492,0.309,0.841,10.0,80.0,53.811,30.986
================================================================updown PPV
126.605,2305,1,5.0,48.03,187.401,0.298,0.864,10.0,80,54.926390554796335,31.57516063681911
115.068,2142,0,0.0,47.38,184.074,0.316,0.935,10.0,80,53.719720141449116,30.843573235441433
114.739,2144,13,15.0,47.198,182.547,0.315,0.823,10.0,80,53.516517379390656,30.955796811118056
119.393,2223,5,5.0,47.623,186.049,0.306,0.854,10.0,80,53.70808441361167,31.033056253149226
118.951,2203.5,4.75,6.25,47.558,185.018,0.309,0.869,10.0,80.0,53.968,31.102
118.951,2203.5,4.75,3.333,47.558,185.018,0.309,0.869,10.0,80.0,53.648,30.944
================================================================left-right PPV
150.483,2592,0,0.0,51.525,197.862,0.284,0.749,10.0,80,58.056639944329675,33.43831959330006
147.788,2721,1,5.0,53.472,204.982,0.281,0.736,10.0,80,54.313719250708104,31.42783590118397
157.295,2904,2,10.0,55.739,211.838,0.274,0.808,10.0,80,54.165113399179845,31.391963814244125
148.147,2730,1,5.0,53.027,205.695,0.278,0.748,10.0,80,54.26647724249424,31.370603295909614
150.928,2736.75,1.0,5.0,53.441,205.094,0.279,0.76,10.0,80.0,55.2,31.907
150.928,2681.0,1.0,5.0,53.441,205.094,0.279,0.744,10.0,80.0,54.248,31.397
================================================================updown P
84.156,1678,63,35.0,41.21,160.237,0.351,0.871,10.0,80,50.15269294825157,31.728131410191825
76.984,1565,63,55.0,42.119,153.388,0.385,0.938,10.0,80,49.191051854874,31.096771045233876
82.524,1671,53,55.0,42.56,156.774,0.364,0.879,10.0,80,49.38600564131403,31.31114259442478
83.375,1683,40,40.0,43.322,160.503,0.368,0.899,10.0,80,49.53943443525,31.469082166521023
81.76,1649.25,54.75,46.25,42.303,157.726,0.367,0.897,10.0,80.0,49.567,31.401
83.352,1677.333,54.75,46.25,42.303,157.726,0.367,0.897,10.0,80.0,49.567,31.401
=================================================================left-right P
85.577,1589,30,30.0,41.806,155.282,0.376,0.858,10.0,80,53.85592975580445,31.841243416202225
92.827,1732,60,40.0,45.346,163.537,0.374,0.875,10.0,80,53.595052993325105,31.777657482420327
93.55,1782,28,40.0,44.916,164.904,0.36,0.916,10.0,80,52.49708977880167,31.290557916985886
85.565,1630,72,45.0,42.199,156.363,0.37,0.887,10.0,80,52.49365385324678,31.383660527094744
89.38,1683.25,47.5,38.75,43.567,160.022,0.37,0.884,10.0,80.0,53.11,31.573
89.38,1683.25,47.5,41.667,43.567,160.022,0.37,0.884,10.0,80.0,53.11,31.573
