β,lap_time,whileloop_count,collision_count,crash_rate,Avg.Speed,Max.Speed,Note
0.1,23.730588912963867,3668,35,6.0,,,
0.1,24.17902636528015,3666,19,5.0,,,
0.1,23.817522287368774,3627,13,3.0,,,
0.1,23.21713399887085,3666,5,1.0,,,
0.1,23.510123014450073,3708,34,9.0,,,
0.1,23.17558455467224,3668,23,4.0,,,
0.1,22.812280654907227,3627,1,1.0,,,
0.1,23.174527883529663,3666,29,6.0,,,
0.1,24.890570163726807,3668,29,8.0,,,
0.1,23.345706939697266,3698,49,12.0,,,
0.1,23.452139377593994,3628,13,3.0,,,
0.1,23.63351082801819,3708,28,7.0,,,
0.1,33.05531120300293,5202,7,5.0,,,
,,,,,,,"End of iteration for move_speed index 0, β value 0.1
"
0.3,21.02563500404358,3338,0,0.0,,,
0.3,21.17872643470764,3365,0,0.0,,,
0.3,21.033064603805542,3327,0,0.0,,,
0.3,22.444227695465088,3330,0,0.0,,,
0.3,22.52781581878662,3377,0,0.0,,,
0.3,21.6161527633667,3394,0,0.0,,,
0.3,21.152024507522583,3346,0,0.0,,,
0.3,22.048951148986816,3415,0,0.0,,,
0.3,21.452565670013428,3339,0,0.0,,,
0.3,21.835390090942383,3377,0,0.0,,,
0.3,21.75037455558777,3406,0,0.0,,,
0.3,21.29110288619995,3349,0,0.0,,,
0.3,32.849130392074585,5171,12,4.0,,,
,,,,,,,"End of iteration for move_speed index 0, β value 0.3
"
0.5,21.375966787338257,3349,0,0.0,,,
0.5,22.110846281051636,3338,0,0.0,,,
0.5,21.604695796966553,3372,1,1.0,,,
0.5,21.29902720451355,3342,0,0.0,,,
0.5,21.528236865997314,3388,0,0.0,,,
0.5,21.636199712753296,3369,1,1.0,,,
0.5,21.717233896255493,3417,0,0.0,,,
0.5,21.791680812835693,3371,0,0.0,,,
0.5,21.82048797607422,3366,0,0.0,,,
0.5,21.684701681137085,3371,0,0.0,,,
0.5,21.640275239944458,3373,0,0.0,,,
0.5,22.079549551010132,3368,0,0.0,,,
0.5,34.04473280906677,5187,19,7.0,,,
,,,,,,,"End of iteration for move_speed index 0, β value 0.5
"
0.1,24.37425923347473,3668,35,6.0,,,
0.1,23.891311407089233,3666,19,5.0,,,
0.1,23.057035207748413,3627,13,3.0,,,
0.1,23.65933895111084,3666,5,1.0,,,
0.1,23.371766328811646,3708,34,9.0,,,
0.1,23.195497512817383,3668,23,4.0,,,
0.1,23.02963924407959,3627,1,1.0,,,
0.1,23.250906229019165,3666,29,6.0,,,
0.1,23.20326018333435,3668,29,8.0,,,
0.1,23.239434480667114,3698,49,12.0,,,
0.1,23.000611066818237,3628,13,3.0,,,
0.1,23.629596948623657,3708,28,7.0,,,
0.1,33.092694997787476,5202,7,5.0,,,
,,,,,,,"End of iteration for move_speed index 0, β value 0.1
"
0.3,23.219865083694458,3668,8,3.0,,,
0.3,23.170995473861694,3669,4,1.0,,,
0.3,22.967381238937378,3628,8,2.0,,,
0.3,23.376760005950928,3667,18,5.0,,,
0.3,23.33605194091797,3628,17,3.0,,,
0.3,23.343668460845947,3667,4,2.0,,,
0.3,22.898371696472168,3627,7,1.0,,,
0.3,23.199753284454346,3667,17,3.0,,,
0.3,23.268394470214844,3669,5,1.0,,,
0.3,23.17712712287903,3667,9,3.0,,,
0.3,23.01763892173767,3666,14,3.0,,,
0.3,23.08323097229004,3669,13,5.0,,,
0.3,33.293569803237915,5270,11,4.0,,,
,,,,,,,"End of iteration for move_speed index 0, β value 0.3
"
0.5,23.221888542175293,3666,28,5.0,,,
0.5,23.364331245422363,3668,0,0.0,,,
0.5,23.098936557769775,3626,2,1.0,,,
0.5,23.302741527557373,3667,12,3.0,,,
0.5,23.31535506248474,3668,33,8.0,,,
0.5,23.325032711029053,3668,21,4.0,,,
0.5,22.99946141242981,3627,0,0.0,,,
0.5,23.211578369140625,3667,22,5.0,,,
0.5,23.14661931991577,3668,6,2.0,,,
0.5,23.091678619384766,3668,71,17.0,,,
0.5,23.012383937835693,3655,47,10.0,,,
0.5,23.158771276474,3667,14,3.0,,,
0.5,32.5460786819458,5148,10,4.0,,,
,,,,,,,"End of iteration for move_speed index 0, β value 0.5
"
0.8,23.100605010986328,3666,17,3.0,,,
0.8,23.217962980270386,3667,4,2.0,,,
0.8,23.250770568847656,3628,8,2.0,,,
0.8,23.858139514923096,3667,12,4.0,,,
0.8,23.448233604431152,3668,0,0.0,,,
0.8,23.34078025817871,3668,9,3.0,,,
0.8,23.020023107528687,3628,0,0.0,,,
0.8,23.220606088638306,3668,4,1.0,,,
0.8,23.175731897354126,3667,18,4.0,,,
0.8,23.219364166259766,3668,24,8.0,,,
0.8,23.315426349639893,3627,5,3.0,,,
0.8,23.23613953590393,3667,13,5.0,,,
0.8,32.541006565093994,5145,10,4.0,,,
,,,,,,,"End of iteration for move_speed index 0, β value 0.8
"
1,23.200820684432983,3667,8,2.0,,,
1,23.081878423690796,3656,13,3.0,,,
1,22.909559726715088,3628,0,0.0,,,
1,23.33884310722351,3669,6,2.0,,,
1,23.327257871627808,3668,0,0.0,,,
1,23.29156470298767,3667,36,6.0,,,
1,22.959748029708862,3627,0,0.0,,,
1,23.231910705566406,3668,30,7.0,,,
1,23.09250807762146,3655,26,8.0,,,
1,23.251253128051758,3666,15,6.0,,,
1,22.96683979034424,3626,8,3.0,,,
1,23.178407907485962,3669,35,8.0,,,
1,32.28918147087097,5112,12,4.0,,,
,,,,,,,"End of iteration for move_speed index 0, β value 1
"
2,23.138932943344116,3652,41,9.0,,,
2,23.121407747268677,3650,35,8.0,,,
2,22.97173023223877,3628,4,1.0,,,
2,23.134929656982422,3652,15,2.0,,,
2,23.4865984916687,3708,14,4.0,,,
2,23.1252281665802,3644,21,6.0,,,
2,23.007651329040527,3627,12,3.0,,,
2,23.26577854156494,3667,25,5.0,,,
2,23.230867624282837,3668,27,6.0,,,
2,23.219821214675903,3667,21,4.0,,,
2,23.103179454803467,3631,5,2.0,,,
2,23.331817626953125,3668,10,3.0,,,
2,32.57795858383179,5135,20,5.0,,,
,,,,,,,"End of iteration for move_speed index 0, β value 2
"
3,23.29560112953186,3668,16,3.0,,,
3,23.17037272453308,3668,18,3.0,,,
3,22.893630266189575,3628,22,6.0,,,
3,23.15347123146057,3667,10,2.0,,,
3,23.172054529190063,3667,10,3.0,,,
3,23.185019969940186,3666,14,3.0,,,
3,22.923633098602295,3629,0,0.0,,,
3,23.181039571762085,3667,18,5.0,,,
3,23.22262454032898,3669,8,2.0,,,
3,23.262753009796143,3668,8,3.0,,,
3,23.202372550964355,3667,23,5.0,,,
3,23.300861358642578,3694,35,7.0,,,
3,34.24276113510132,5193,7,2.0,,,
,,,,,,,"End of iteration for move_speed index 0, β value 3
"
4,24.39185857772827,3666,6,1.0,,,
4,25.607762575149536,3667,8,3.0,,,
4,24.28108811378479,3629,2,1.0,,,
4,24.178977012634277,3668,17,6.0,,,
4,24.043338298797607,3667,1,1.0,,,
4,24.73002862930298,3669,9,3.0,,,
4,24.2224178314209,3627,7,3.0,,,
4,25.28583550453186,3668,10,3.0,,,
4,24.296723127365112,3668,15,3.0,,,
4,24.49624466896057,3667,16,4.0,,,
4,24.630371570587158,3627,15,4.0,,,
4,24.670773029327393,3668,12,4.0,,,
4,34.311121463775635,5159,14,7.0,,,
,,,,,,,"End of iteration for move_speed index 0, β value 4
"
5,24.866647005081177,3668,19,3.0,,,
5,25.054794788360596,3667,7,1.0,,,
5,23.7138774394989,3628,9,1.0,,,
5,24.591517686843872,3668,14,4.0,,,
5,24.674050331115723,3668,16,5.0,,,
5,25.292087078094482,3695,35,8.0,,,
5,24.980741262435913,3626,0,0.0,,,
5,25.288763523101807,3708,24,5.0,,,
5,24.660754203796387,3668,18,4.0,,,
5,25.0312077999115,3667,14,3.0,,,
5,24.342342376708984,3628,5,3.0,,,
5,25.566583395004272,3667,25,5.0,,,
5,35.84421110153198,5177,20,7.0,,,
,,,,,,,"End of iteration for move_speed index 0, β value 5
"
6,24.100597620010376,3667,4,2.0,,,
6,23.72621488571167,3667,11,3.0,,,
6,23.022645950317383,3627,23,5.0,,,
6,23.239007234573364,3668,30,6.0,,,
6,23.345645666122437,3668,9,4.0,,,
6,23.62796688079834,3708,31,6.0,,,
6,23.142679452896118,3628,15,4.0,,,
6,23.34612464904785,3669,17,4.0,,,
6,23.327330112457275,3667,4,1.0,,,
6,23.34198808670044,3668,24,5.0,,,
6,23.07187509536743,3628,2,1.0,,,
6,23.327102661132812,3669,37,7.0,,,
6,32.85560941696167,5154,18,7.0,,,
,,,,,,,"End of iteration for move_speed index 0, β value 6
"
7,23.389994144439697,3668,31,5.0,,,
7,23.379798889160156,3669,5,1.0,,,
7,23.1469087600708,3627,11,2.0,,,
7,23.271891117095947,3667,28,6.0,,,
7,23.180612802505493,3667,1,1.0,,,
7,23.20023822784424,3667,26,4.0,,,
7,22.993133306503296,3626,6,1.0,,,
7,23.27218723297119,3669,2,1.0,,,
7,23.26477813720703,3668,9,2.0,,,
7,23.253602981567383,3667,24,7.0,,,
7,23.02906823158264,3617,15,6.0,,,
7,23.321967601776123,3668,7,2.0,,,
7,32.746336460113525,5155,19,5.0,,,
,,,,,,,"End of iteration for move_speed index 0, β value 7
"
8,23.365238189697266,3668,25,4.0,,,
8,23.288811206817627,3667,34,7.0,,,
8,23.048635005950928,3626,9,2.0,,,
8,23.334012508392334,3666,16,4.0,,,
8,23.23633646965027,3668,9,2.0,,,
8,23.30189847946167,3669,4,1.0,,,
8,23.04413604736328,3628,7,1.0,,,
8,23.345823526382446,3669,22,5.0,,,
8,23.503013610839844,3695,44,8.0,,,
8,23.114086151123047,3667,11,4.0,,,
8,23.17239999771118,3667,4,1.0,,,
8,23.093212604522705,3652,56,11.0,,,
8,32.53495001792908,5149,5,3.0,,,
,,,,,,,"End of iteration for move_speed index 0, β value 8
"
9,23.251979112625122,3666,11,2.0,,,
9,22.96250867843628,3627,13,3.0,,,
9,23.023905515670776,3627,1,1.0,,,
9,23.172030687332153,3667,33,5.0,,,
9,23.315811157226562,3667,28,5.0,,,
9,23.300554990768433,3667,14,4.0,,,
9,23.102376222610474,3627,7,3.0,,,
9,23.370736598968506,3668,17,4.0,,,
9,23.20731258392334,3669,23,5.0,,,
9,23.179402828216553,3669,12,2.0,,,
9,22.933566331863403,3629,20,4.0,,,
9,23.170869827270508,3667,13,5.0,,,
9,32.939553022384644,5178,15,5.0,,,
,,,,,,,"End of iteration for move_speed index 0, β value 9
"
12,23.194435358047485,3651,20,4.0,,,
12,23.249570846557617,3667,20,3.0,,,
12,23.028217792510986,3628,8,1.0,,,
12,23.307043313980103,3667,20,3.0,,,
12,23.34344506263733,3667,0,0.0,,,
12,23.268378973007202,3667,32,6.0,,,
12,23.02908706665039,3627,4,1.0,,,
12,23.334879159927368,3670,53,11.0,,,
12,23.28739309310913,3667,25,7.0,,,
12,23.322770357131958,3667,7,2.0,,,
12,23.12013077735901,3628,16,6.0,,,
12,23.274129629135132,3667,37,8.0,,,
12,32.99799942970276,5187,19,6.0,,,
,,,,,,,"End of iteration for move_speed index 0, β value 12
"
15,23.2696590423584,3668,38,9.0,,,
15,23.301673889160156,3668,15,4.0,,,
15,23.06149673461914,3627,0,0.0,,,
15,23.335649490356445,3668,5,2.0,,,
15,23.261564016342163,3669,7,2.0,,,
15,23.201149940490723,3653,4,1.0,,,
15,23.755446672439575,3669,30,5.0,,,
15,24.861682176589966,3669,26,6.0,,,
15,25.096608877182007,3667,18,4.0,,,
15,24.284167528152466,3667,16,3.0,,,
15,24.673424243927002,3668,27,5.0,,,
15,24.982004165649414,3667,26,5.0,,,
15,35.33847784996033,5195,19,7.0,,,
,,,,,,,"End of iteration for move_speed index 0, β value 15
"
20,24.880223035812378,3748,15,3.0,,,
20,24.15776252746582,3668,20,4.0,,,
20,24.263209104537964,3626,19,3.0,,,
20,24.38448452949524,3667,7,2.0,,,
20,24.54361867904663,3668,11,3.0,,,
20,24.790939569473267,3668,11,3.0,,,
20,23.81001853942871,3627,4,1.0,,,
20,24.78498387336731,3706,25,5.0,,,
20,24.078781843185425,3668,13,3.0,,,
20,25.050416707992554,3709,40,8.0,,,
20,24.34920883178711,3629,0,0.0,,,
20,25.39578652381897,3667,17,4.0,,,
20,34.88630938529968,5219,23,7.0,,,
,,,,,,,"End of iteration for move_speed index 0, β value 20
"
25,23.604509353637695,3667,11,1.0,,,
25,23.767826318740845,3668,0,0.0,,,
25,23.414101600646973,3627,0,0.0,,,
25,23.660093545913696,3667,5,1.0,,,
25,23.58915638923645,3669,14,3.0,,,
25,24.120783805847168,3707,25,3.0,,,
25,23.94086194038391,3667,20,4.0,,,
25,23.93634843826294,3694,27,7.0,,,
25,24.087357997894287,3695,47,8.0,,,
25,24.169850826263428,3706,24,5.0,,,
25,23.43153190612793,3613,13,4.0,,,
25,24.157296180725098,3708,26,7.0,,,
25,33.93332839012146,5199,27,5.0,,,
,,,,,,,"End of iteration for move_speed index 0, β value 25
"
30,23.79433012008667,3667,14,3.0,,,
30,23.885610342025757,3668,0,0.0,,,
30,23.52475094795227,3627,18,4.0,,,
30,23.858421564102173,3669,22,4.0,,,
30,23.76119589805603,3663,15,3.0,,,
30,23.858404397964478,3669,40,8.0,,,
30,23.65136456489563,3628,3,1.0,,,
30,23.737080335617065,3652,29,6.0,,,
30,24.728408336639404,3667,27,4.0,,,
30,25.64626383781433,3670,18,4.0,,,
30,25.485137224197388,3627,1,1.0,,,
30,25.847419261932373,3707,27,8.0,,,
30,35.6467547416687,5148,18,5.0,,,
,,,,,,,"End of iteration for move_speed index 0, β value 30
"
35,25.048883199691772,3668,18,3.0,,,
35,24.841501235961914,3667,20,3.0,,,
35,23.84787917137146,3626,0,0.0,,,
35,24.22577667236328,3667,14,4.0,,,
35,24.42658805847168,3666,1,1.0,,,
35,23.79424524307251,3667,23,4.0,,,
35,23.63656783103943,3627,1,1.0,,,
35,23.831496715545654,3668,30,7.0,,,
35,23.878053665161133,3667,5,2.0,,,
35,23.880364894866943,3667,34,6.0,,,
35,23.648985862731934,3629,10,2.0,,,
35,23.85561990737915,3668,10,2.0,,,
35,34.008750438690186,5226,20,8.0,,,
,,,,,,,"End of iteration for move_speed index 0, β value 35
"
40,23.950230598449707,3668,5,2.0,,,
40,23.857189655303955,3668,3,1.0,,,
40,23.56383204460144,3627,1,1.0,,,
40,24.10577154159546,3706,9,3.0,,,
40,24.658835411071777,3667,44,10.0,,,
40,24.533992052078247,3707,23,4.0,,,
40,23.70930528640747,3627,0,0.0,,,
40,23.930885553359985,3668,12,3.0,,,
40,23.85734248161316,3653,28,7.0,,,
40,23.81999683380127,3668,15,3.0,,,
40,23.614970207214355,3614,28,6.0,,,
40,23.874387979507446,3667,8,3.0,,,
40,33.80255842208862,5190,27,6.0,,,
,,,,,,,"End of iteration for move_speed index 0, β value 40
"
45,23.989535808563232,3667,4,1.0,,,
45,25.11894917488098,3669,7,2.0,,,
45,25.015984296798706,3628,38,8.0,,,
45,23.842771768569946,3667,22,3.0,,,
45,23.80999493598938,3668,7,1.0,,,
45,23.777775049209595,3654,19,5.0,,,
45,23.6135470867157,3627,8,2.0,,,
45,23.848254919052124,3667,20,5.0,,,
45,24.6710684299469,3667,25,7.0,,,
45,25.46637725830078,3668,5,1.0,,,
45,23.51193594932556,3628,17,4.0,,,
45,24.3808434009552,3669,50,11.0,,,
45,34.338401556015015,5232,10,4.0,,,
,,,,,,,"End of iteration for move_speed index 0, β value 45
"
50,24.012723445892334,3666,28,5.0,,,
50,23.8319149017334,3668,3,1.0,,,
50,23.719808101654053,3628,9,3.0,,,
50,24.02174687385559,3667,21,4.0,,,
50,23.86964750289917,3669,6,2.0,,,
50,24.005311489105225,3668,21,5.0,,,
50,23.714454889297485,3627,28,5.0,,,
50,23.995769500732422,3668,19,4.0,,,
50,23.891936540603638,3668,36,8.0,,,
50,23.96555757522583,3667,9,2.0,,,
50,23.9169659614563,3668,26,4.0,,,
50,24.0114164352417,3667,12,3.0,,,
50,34.15271782875061,5223,22,6.0,,,
,,,,,,,"End of iteration for move_speed index 0, β value 50
"
,,,,,,,"End of iteration for move_speed index 0
"
0.1,23.327514171600342,3568,20,5.0,,,
0.1,23.026597499847412,3538,0,0.0,,,
0.1,22.71932601928711,3485,3,2.0,,,
0.1,23.286805868148804,3584,5,3.0,,,
0.1,23.27176785469055,3567,15,7.0,,,
0.1,23.25567317008972,3558,11,6.0,,,
0.1,23.190759897232056,3566,11,6.0,,,
0.1,23.113574028015137,3552,8,5.0,,,
0.1,23.560511589050293,3609,5,3.0,,,
0.1,23.250884771347046,3568,1,1.0,,,
0.1,22.954157829284668,3537,18,7.0,,,
0.1,22.96229839324951,3527,10,7.0,,,
0.1,33.15035367012024,5074,0,0.0,,,
,,,,,,,"End of iteration for move_speed index 1, β value 0.1
"
0.3,23.460899114608765,3587,3,2.0,,,
0.3,23.656369924545288,3543,4,2.0,,,
0.3,25.575459718704224,3561,4,3.0,,,
0.3,22.889593601226807,3508,8,4.0,,,
0.3,23.511366367340088,3611,7,5.0,,,
0.3,23.557817459106445,3606,9,3.0,,,
0.3,23.126715660095215,3559,9,5.0,,,
0.3,23.102692365646362,3545,24,9.0,,,
0.3,24.42530107498169,3542,22,11.0,,,
0.3,25.576321125030518,3567,2,2.0,,,
0.3,23.810959339141846,3565,6,4.0,,,
0.3,23.620267629623413,3573,6,3.0,,,
0.3,33.81739091873169,5123,0,0.0,,,
,,,,,,,"End of iteration for move_speed index 1, β value 0.3
"
0.5,23.22446632385254,3570,13,6.0,,,
0.5,23.199771881103516,3545,2,1.0,,,
0.5,23.22196888923645,3562,9,4.0,,,
0.5,22.84621787071228,3523,18,6.0,,,
0.5,23.349921941757202,3570,13,8.0,,,
0.5,23.173813581466675,3567,12,7.0,,,
0.5,23.341946125030518,3560,20,7.0,,,
0.5,23.5561261177063,3610,3,2.0,,,
0.5,23.88256812095642,3530,9,5.0,,,
0.5,23.135743379592896,3544,4,2.0,,,
0.5,22.9207980632782,3531,5,4.0,,,
0.5,23.008562803268433,3545,8,4.0,,,
0.5,32.686612367630005,5032,0,0.0,,,
,,,,,,,"End of iteration for move_speed index 1, β value 0.5
"
0.8,23.113210439682007,3512,3,1.0,,,
0.8,23.041314840316772,3533,18,10.0,,,
0.8,22.839155912399292,3505,6,4.0,,,
0.8,23.029971599578857,3550,14,4.0,,,
0.8,23.159437894821167,3566,3,2.0,,,
0.8,23.341681718826294,3585,4,3.0,,,
0.8,22.959217309951782,3520,8,5.0,,,
0.8,23.269728183746338,3565,13,4.0,,,
0.8,23.24578881263733,3570,1,1.0,,,
0.8,23.446468830108643,3605,7,4.0,,,
0.8,22.921422719955444,3528,13,7.0,,,
0.8,23.049572706222534,3541,5,3.0,,,
0.8,32.71677350997925,5038,0,0.0,,,
,,,,,,,"End of iteration for move_speed index 1, β value 0.8
"
1,22.973866939544678,3537,8,4.0,,,
1,23.030688285827637,3542,7,3.0,,,
1,22.74828052520752,3501,5,4.0,,,
1,23.963123321533203,3537,3,1.0,,,
1,23.714048624038696,3587,12,3.0,,,
1,23.1705060005188,3545,10,4.0,,,
1,23.900220155715942,3548,4,3.0,,,
1,23.617180347442627,3545,5,2.0,,,
1,23.88214612007141,3603,8,4.0,,,
1,26.704972982406616,3570,1,1.0,,,
1,26.689767122268677,3563,5,2.0,,,
1,26.583449125289917,3605,6,3.0,,,
1,39.01353144645691,5100,0,0.0,,,
,,,,,,,"End of iteration for move_speed index 1, β value 1
"
2,26.388318300247192,3535,13,5.0,,,
2,26.27157187461853,3574,13,4.0,,,
2,25.8952534198761,3525,11,5.0,,,
2,26.866921186447144,3523,11,5.0,,,
2,26.23289203643799,3610,3,3.0,,,
2,26.34759759902954,3608,10,6.0,,,
2,26.13431715965271,3533,13,7.0,,,
2,26.007736206054688,3586,3,2.0,,,
2,25.634223222732544,3572,25,8.0,,,
2,26.286298513412476,3610,4,2.0,,,
2,25.479327917099,3524,14,7.0,,,
2,26.668126106262207,3574,4,3.0,,,
2,37.956594705581665,5081,0,0.0,,,
,,,,,,,"End of iteration for move_speed index 1, β value 2
"
3,26.21720051765442,3620,3,3.0,,,
3,26.369624853134155,3605,19,6.0,,,
3,25.909727573394775,3544,1,1.0,,,
3,25.86273431777954,3567,4,2.0,,,
3,26.272494554519653,3583,1,1.0,,,
3,26.824551582336426,3603,15,5.0,,,
3,25.683340787887573,3581,3,1.0,,,
3,27.2172212600708,3608,4,3.0,,,
3,26.531309604644775,3622,25,7.0,,,
3,27.624293327331543,3646,5,5.0,,,
3,26.06598162651062,3544,4,1.0,,,
3,26.736375331878662,3544,2,2.0,,,
3,26.866355895996094,3576,7,2.0,,,
3,25.683146238327026,3540,17,6.0,,,
3,25.834588527679443,3528,3,1.0,,,
3,26.81895875930786,3580,10,4.0,,,
3,27.126192808151245,3580,7,4.0,,,
3,27.98415994644165,3615,0,0.0,,,
3,27.748271226882935,3576,4,3.0,,,
3,27.570801734924316,3551,22,10.0,,,
3,27.51328682899475,3569,6,5.0,,,
3,26.470762729644775,3537,2,1.0,,,
3,26.373528480529785,3568,5,3.0,,,
3,26.152307748794556,3582,2,1.0,,,
3,39.32828116416931,5096,2,1.0,,,
,,,,,,,"End of iteration for move_speed index 0, β value 3
"
4,26.49136447906494,3565,9,3.0,,,
4,27.163081645965576,3605,0,0.0,,,
4,25.82289695739746,3566,18,7.0,,,
4,25.665140867233276,3536,7,5.0,,,
4,26.823495626449585,3585,3,3.0,,,
4,26.5078866481781,3564,9,7.0,,,
4,26.982853412628174,3582,23,7.0,,,
4,26.987467527389526,3580,14,5.0,,,
4,27.71383500099182,3561,15,3.0,,,
4,25.780375242233276,3591,8,4.0,,,
4,26.00308322906494,3577,1,1.0,,,
4,26.737438678741455,3570,19,6.0,,,
4,38.22911357879639,5113,0,0.0,,,
,,,,,,,"End of iteration for move_speed index 0, β value 4
"
5,27.330036878585815,3585,0,0.0,,,
5,26.404425382614136,3608,10,1.0,,,
5,25.387962102890015,3515,10,4.0,,,
5,25.85232400894165,3586,15,9.0,,,
5,25.85673427581787,3601,8,6.0,,,
5,26.125974893569946,3617,15,9.0,,,
5,25.849007606506348,3608,7,4.0,,,
5,25.806642770767212,3581,4,2.0,,,
5,25.701858282089233,3583,5,3.0,,,
5,26.104642391204834,3570,5,3.0,,,
5,27.618850469589233,3607,1,1.0,,,
5,27.793887615203857,3609,17,8.0,,,
5,39.511452198028564,5112,1,1.0,,,
,,,,,,,"End of iteration for move_speed index 0, β value 5
"
6,27.140340328216553,3555,19,6.0,,,
6,26.815839529037476,3547,17,8.0,,,
6,27.000385999679565,3570,2,2.0,,,
6,26.239984273910522,3546,12,5.0,,,
6,26.90406107902527,3586,12,4.0,,,
6,27.645485639572144,3568,5,2.0,,,
6,27.190387725830078,3593,5,2.0,,,
6,26.057908296585083,3608,5,3.0,,,
6,25.561139345169067,3565,10,4.0,,,
6,25.835968255996704,3595,17,5.0,,,
6,26.117138862609863,3553,4,3.0,,,
6,26.24539613723755,3540,3,2.0,,,
6,36.77998161315918,5107,0,0.0,,,
,,,,,,,"End of iteration for move_speed index 0, β value 6
"
7,25.742992401123047,3584,4,3.0,,,
7,25.6811945438385,3586,6,4.0,,,
7,26.300509691238403,3528,3,2.0,,,
7,26.249438762664795,3581,15,5.0,,,
7,27.78982138633728,3584,6,5.0,,,
7,27.548641681671143,3585,7,5.0,,,
7,27.41491937637329,3585,5,3.0,,,
7,27.109562873840332,3586,7,2.0,,,
7,26.967743635177612,3609,1,1.0,,,
7,27.34986901283264,3627,2,2.0,,,
7,28.062009811401367,3567,17,8.0,,,
7,27.33874821662903,3604,7,5.0,,,
7,38.638986587524414,5102,1,1.0,,,
,,,,,,,"End of iteration for move_speed index 0, β value 7
"
8,26.77087950706482,3569,15,6.0,,,
8,26.334797620773315,3549,16,5.0,,,
8,26.315406560897827,3558,0,0.0,,,
8,26.75187611579895,3564,5,3.0,,,
8,27.08658266067505,3650,7,2.0,,,
8,27.337937116622925,3623,3,2.0,,,
8,26.240057945251465,3584,13,7.0,,,
8,27.180545568466187,3607,4,3.0,,,
8,27.01942205429077,3607,7,4.0,,,
8,26.771925687789917,3613,10,6.0,,,
8,25.868520498275757,3565,15,5.0,,,
8,26.370941638946533,3608,7,5.0,,,
8,37.61125612258911,5184,0,0.0,,,
,,,,,,,"End of iteration for move_speed index 0, β value 8
"
9,26.58132529258728,3564,17,7.0,,,
9,26.124168634414673,3577,0,0.0,,,
9,25.981988191604614,3565,7,4.0,,,
9,26.97398352622986,3545,7,2.0,,,
9,27.851285219192505,3611,23,8.0,,,
9,27.355833292007446,3610,6,3.0,,,
9,26.5189049243927,3605,2,1.0,,,
9,26.224966526031494,3563,17,5.0,,,
9,26.76533794403076,3572,6,4.0,,,
9,26.706974029541016,3631,16,4.0,,,
9,27.315533876419067,3585,10,5.0,,,
9,25.94413948059082,3581,9,7.0,,,
9,38.012507915496826,5208,0,0.0,,,
,,,,,,,"End of iteration for move_speed index 0, β value 9
"
12,26.35659098625183,3574,5,3.0,,,
12,26.242743968963623,3582,5,3.0,,,
12,26.907055854797363,3562,4,2.0,,,
12,26.985864400863647,3609,17,7.0,,,
12,26.439002752304077,3584,2,2.0,,,
12,26.279094457626343,3568,13,4.0,,,
12,26.893131494522095,3607,5,5.0,,,
12,26.220711946487427,3608,25,10.0,,,
12,26.700496912002563,3607,6,4.0,,,
12,27.261621952056885,3621,3,3.0,,,
12,26.36022639274597,3577,11,5.0,,,
12,26.142863035202026,3565,7,4.0,,,
12,37.423192262649536,5106,0,0.0,,,
,,,,,,,"End of iteration for move_speed index 0, β value 12
"
15,26.13821005821228,3557,1,1.0,,,
15,27.047316312789917,3616,10,4.0,,,
15,26.146207332611084,3602,2,2.0,,,
15,26.33646869659424,3560,10,4.0,,,
15,26.37125062942505,3609,15,4.0,,,
15,26.824004650115967,3629,15,4.0,,,
15,25.99011206626892,3564,7,3.0,,,
15,26.061856746673584,3561,15,9.0,,,
15,26.721347332000732,3569,9,5.0,,,
15,26.98362708091736,3612,2,1.0,,,
15,26.308545351028442,3566,6,4.0,,,
15,27.092034578323364,3609,16,5.0,,,
15,39.02490735054016,5092,0,0.0,,,
,,,,,,,"End of iteration for move_speed index 0, β value 15
"
20,26.02975082397461,3633,4,1.0,,,
20,26.017996311187744,3606,8,3.0,,,
20,25.582697868347168,3565,14,6.0,,,
20,27.085957527160645,3616,1,1.0,,,
20,27.140093564987183,3604,19,7.0,,,
20,26.19317626953125,3644,2,2.0,,,
20,25.815821409225464,3584,11,4.0,,,
20,25.831668376922607,3585,14,6.0,,,
20,25.989891290664673,3610,6,3.0,,,
20,26.112757921218872,3628,5,3.0,,,
20,25.842161417007446,3586,6,3.0,,,
20,25.749741554260254,3602,27,10.0,,,
20,36.707703590393066,5108,0,0.0,,,
,,,,,,,"End of iteration for move_speed index 0, β value 20
"
25,25.74783682823181,3580,4,3.0,,,
25,25.874465227127075,3601,1,1.0,,,
25,25.878751039505005,3568,1,1.0,,,
25,26.121989965438843,3567,2,2.0,,,
25,26.292393684387207,3607,4,2.0,,,
25,26.700044631958008,3623,6,3.0,,,
25,25.859960556030273,3565,20,7.0,,,
25,26.869445085525513,3650,13,5.0,,,
25,26.78531265258789,3611,4,3.0,,,
25,27.260153770446777,3606,2,2.0,,,
25,26.07474946975708,3573,18,7.0,,,
25,26.073487997055054,3607,6,4.0,,,
25,36.72304654121399,5096,0,0.0,,,
,,,,,,,"End of iteration for move_speed index 0, β value 25
"
30,26.03870439529419,3591,17,7.0,,,
30,26.9164981842041,3585,1,1.0,,,
30,26.692920684814453,3563,2,2.0,,,
30,27.09060263633728,3559,5,3.0,,,
30,27.523385763168335,3608,1,1.0,,,
30,27.430957794189453,3625,29,9.0,,,
30,27.450711011886597,3565,9,5.0,,,
30,27.62709355354309,3610,6,2.0,,,
30,26.668864488601685,3631,7,2.0,,,
30,26.929818630218506,3607,3,2.0,,,
30,26.699871301651,3581,10,3.0,,,
30,27.334219932556152,3606,25,6.0,,,
30,38.55928325653076,5147,0,0.0,,,
,,,,,,,"End of iteration for move_speed index 0, β value 30
"
35,26.384423971176147,3590,0,0.0,,,
35,26.424844980239868,3564,2,1.0,,,
35,26.806774616241455,3585,20,7.0,,,
35,26.331178903579712,3564,9,4.0,,,
35,26.539199590682983,3611,10,2.0,,,
35,26.078239679336548,3618,6,1.0,,,
35,26.470088720321655,3546,15,8.0,,,
35,27.357515573501587,3545,2,2.0,,,
35,25.976746797561646,3615,9,5.0,,,
35,25.842846870422363,3568,3,2.0,,,
35,26.45217752456665,3542,9,7.0,,,
35,25.8432137966156,3580,12,7.0,,,
35,36.39660978317261,5076,0,0.0,,,
,,,,,,,"End of iteration for move_speed index 0, β value 35
"
40,26.063210487365723,3578,9,2.0,,,
40,26.497353076934814,3575,9,2.0,,,
40,26.07576036453247,3569,1,1.0,,,
40,26.679688453674316,3587,17,6.0,,,
40,26.541112661361694,3591,3,2.0,,,
40,27.42680048942566,3644,16,5.0,,,
40,26.745420217514038,3604,18,4.0,,,
40,26.02935528755188,3607,0,0.0,,,
40,27.44323444366455,3570,5,3.0,,,
40,26.052544593811035,3569,12,6.0,,,
40,26.441887140274048,3568,10,6.0,,,
40,27.094890832901,3613,10,6.0,,,
40,39.74335193634033,5140,0,0.0,,,
,,,,,,,"End of iteration for move_speed index 0, β value 40
"
45,26.754699230194092,3610,7,4.0,,,
45,26.294519662857056,3569,2,2.0,,,
45,26.338526248931885,3568,1,1.0,,,
45,25.847113609313965,3525,8,4.0,,,
45,26.811172485351562,3609,12,5.0,,,
45,27.083356857299805,3605,18,7.0,,,
45,26.343337297439575,3612,8,3.0,,,
45,25.941670656204224,3588,10,5.0,,,
45,25.92890167236328,3610,10,3.0,,,
45,27.424710750579834,3568,17,9.0,,,
45,26.881382942199707,3566,3,3.0,,,
45,26.653616428375244,3566,4,2.0,,,
45,37.963369369506836,5145,2,1.0,,,
,,,,,,,"End of iteration for move_speed index 0, β value 45
"
0.1,29.960157871246338,3835,60,10.0,,,
0.1,28.634580612182617,3793,56,10.0,,,
0.1,29.385751724243164,3830,51,11.0,,,
0.1,28.523691654205322,3828,55,10.0,,,
0.1,28.1268093585968,3837,60,10.0,,,
0.1,28.494936227798462,3875,45,12.0,,,
0.1,28.85383176803589,3957,96,16.0,,,
0.1,28.506591320037842,3910,81,15.0,,,
0.1,28.358274221420288,3869,75,14.0,,,
0.1,28.536224126815796,3911,57,13.0,,,
0.1,28.556861639022827,3937,33,7.0,,,
0.1,28.090856790542603,3875,66,12.0,,,
0.1,39.167420387268066,5381,100,24.0,,,
,,,,,,,"End of iteration for move_speed index 0, β value 0.1
"
0.3,27.912973165512085,3829,75,11.0,,,
0.3,26.9377019405365,3832,71,11.0,,,
0.3,25.538496494293213,3834,64,11.0,,,
0.3,26.026421308517456,3870,77,12.0,,,
0.3,26.76044225692749,3792,35,7.0,,,
0.3,26.461533308029175,3873,57,10.0,,,
0.3,26.023621082305908,3832,46,8.0,,,
0.3,27.345497608184814,3871,46,9.0,,,
0.3,28.28713059425354,3947,67,13.0,,,
0.3,26.96546196937561,3871,69,14.0,,,
0.3,26.80366086959839,3868,67,13.0,,,
0.3,27.40208077430725,3841,67,11.0,,,
0.3,37.226256132125854,5231,81,24.0,,,
,,,,,,,"End of iteration for move_speed index 0, β value 0.3
"
0.5,26.773659467697144,3832,86,12.0,,,
0.5,26.85222625732422,3816,80,13.0,,,
0.5,26.532114028930664,3755,23,4.0,,,
0.5,27.115492582321167,3830,55,10.0,,,
0.5,28.157758712768555,3856,35,8.0,,,
0.5,26.3972487449646,3837,38,7.0,,,
0.5,27.474053144454956,3870,53,9.0,,,
0.5,26.568660259246826,3832,47,11.0,,,
0.5,27.69877815246582,3871,71,13.0,,,
0.5,27.496721267700195,3831,72,13.0,,,
0.5,27.49253225326538,3830,52,10.0,,,
0.5,26.698352098464966,3872,60,12.0,,,
0.5,36.50859236717224,5271,81,24.0,,,
,,,,,,,"End of iteration for move_speed index 0, β value 0.5
"
0.8,27.30649995803833,3794,52,8.0,,,
0.8,28.797062397003174,3909,75,13.0,,,
0.8,26.458125114440918,3794,31,7.0,,,
0.8,27.109548807144165,3793,52,8.0,,,
0.8,28.756579160690308,3916,52,9.0,,,
0.8,28.005813360214233,3951,86,11.0,,,
0.8,26.15115761756897,3937,69,11.0,,,
0.8,25.55069375038147,3794,33,8.0,,,
0.8,26.92353343963623,3948,85,17.0,,,
0.8,25.706022024154663,3830,55,9.0,,,
0.8,26.034209966659546,3915,67,11.0,,,
0.8,26.00762128829956,3909,75,14.0,,,
0.8,34.57930064201355,5188,101,24.0,,,
,,,,,,,"End of iteration for move_speed index 0, β value 0.8
"
1,24.894742965698242,3755,31,5.0,,,
1,24.89762783050537,3754,82,11.0,,,
1,24.987313508987427,3755,35,5.0,,,
1,25.220235347747803,3799,20,3.0,,,
1,25.64154291152954,3857,87,12.0,,,
1,25.204807996749878,3792,57,10.0,,,
1,25.479284048080444,3837,51,7.0,,,
1,25.520957469940186,3832,84,14.0,,,
1,26.119327545166016,3934,111,17.0,,,
1,26.263285160064697,3949,90,17.0,,,
1,25.11758542060852,3793,83,14.0,,,
1,25.789280652999878,3873,60,14.0,,,
1,34.45751404762268,5197,101,24.0,,,
,,,,,,,"End of iteration for move_speed index 0, β value 1
"
2,25.251669883728027,3792,27,4.0,,,
2,25.15408182144165,3792,61,10.0,,,
2,25.193357706069946,3794,45,7.0,,,
2,24.919301748275757,3756,50,8.0,,,
2,25.52213144302368,3837,50,11.0,,,
2,25.68648338317871,3875,51,9.0,,,
2,25.965111017227173,3913,78,13.0,,,
2,25.140944004058838,3792,68,10.0,,,
2,25.227264165878296,3796,65,11.0,,,
2,25.466156721115112,3836,47,9.0,,,
2,25.380089282989502,3831,42,9.0,,,
2,25.428566694259644,3838,80,14.0,,,
2,34.52232122421265,5201,57,18.0,,,
,,,,,,,"End of iteration for move_speed index 0, β value 2
"
3,24.845871686935425,3750,43,8.0,,,
3,25.708691358566284,3751,26,5.0,,,
3,25.31439447402954,3750,69,10.0,,,
3,26.207321405410767,3830,51,9.0,,,
3,25.45661234855652,3789,59,10.0,,,
3,26.00766634941101,3831,63,11.0,,,
3,26.6257004737854,3753,52,9.0,,,
3,26.843427419662476,3860,107,17.0,,,
3,25.83552122116089,3871,64,13.0,,,
3,26.597536325454712,3991,68,12.0,,,
3,25.16233730316162,3786,77,11.0,,,
3,27.365535497665405,3982,115,18.0,,,
3,36.420385122299194,5199,104,28.0,,,
,,,,,,,"End of iteration for move_speed index 0, β value 3
"
4,26.78624701499939,3833,60,9.0,,,
4,25.83305597305298,3711,42,9.0,,,
4,26.990453958511353,3787,58,10.0,,,
4,26.342236042022705,3873,62,8.0,,,
4,26.861475467681885,3836,47,9.0,,,
4,27.627814054489136,3911,54,8.0,,,
4,27.52923822402954,3913,72,12.0,,,
4,27.4342679977417,3792,44,7.0,,,
4,27.402395963668823,3874,69,12.0,,,
4,25.930349349975586,3870,77,13.0,,,
4,26.209224700927734,3937,74,14.0,,,
4,26.84064555168152,3913,70,12.0,,,
4,35.71888446807861,5200,74,25.0,,,
,,,,,,,"End of iteration for move_speed index 0, β value 4
"
5,25.424705266952515,3789,60,8.0,,,
5,25.359010457992554,3792,30,5.0,,,
5,25.108057498931885,3753,67,9.0,,,
5,25.838120937347412,3750,40,6.0,,,
5,26.544357776641846,3955,63,8.0,,,
5,26.04231333732605,3876,41,7.0,,,
5,26.719751119613647,3793,30,6.0,,,
5,25.667500257492065,3833,38,6.0,,,
5,25.575867414474487,3830,74,12.0,,,
5,25.479422569274902,3830,56,10.0,,,
5,25.58530306816101,3872,94,15.0,,,
5,25.443877458572388,3857,89,14.0,,,
5,34.73697090148926,5237,85,28.0,,,
,,,,,,,"End of iteration for move_speed index 0, β value 5
"
6,24.819669723510742,3754,61,10.0,,,
6,25.31089758872986,3830,94,15.0,,,
6,24.547760009765625,3711,26,4.0,,,
6,24.746554851531982,3754,67,10.0,,,
6,25.257439613342285,3832,75,12.0,,,
6,25.46781086921692,3836,44,7.0,,,
6,25.337865352630615,3815,76,14.0,,,
6,25.61232900619507,3872,60,12.0,,,
6,25.019617557525635,3789,55,11.0,,,
6,25.39663600921631,3834,54,9.0,,,
6,25.343693494796753,3832,59,10.0,,,
6,25.388001441955566,3833,69,9.0,,,
6,34.963561058044434,5275,95,29.0,,,
,,,,,,,"End of iteration for move_speed index 0, β value 6
"
7,25.224082946777344,3794,76,10.0,,,
7,25.90793514251709,3907,75,10.0,,,
7,24.62460684776306,3716,59,8.0,,,
7,24.589782238006592,3711,42,6.0,,,
7,25.38822317123413,3828,57,10.0,,,
7,25.312033653259277,3832,70,10.0,,,
7,25.114408493041992,3794,57,9.0,,,
7,25.438252210617065,3836,49,10.0,,,
7,25.137457370758057,3789,46,9.0,,,
7,25.10879611968994,3789,53,9.0,,,
7,25.65967559814453,3877,60,11.0,,,
7,25.641384601593018,3872,115,15.0,,,
7,34.880213499069214,5269,77,28.0,,,
,,,,,,,"End of iteration for move_speed index 0, β value 7
"
8,24.751291036605835,3749,32,5.0,,,
8,25.130415201187134,3793,61,10.0,,,
8,24.843881845474243,3752,58,9.0,,,
8,25.07296919822693,3792,54,9.0,,,
8,25.618476390838623,3857,46,7.0,,,
8,25.25161838531494,3834,67,11.0,,,
8,25.893808364868164,3913,59,10.0,,,
8,25.359344959259033,3817,44,8.0,,,
8,25.547987699508667,3873,44,8.0,,,
8,25.96981143951416,3913,78,14.0,,,
8,25.164841175079346,3796,58,10.0,,,
8,25.703972339630127,3872,61,11.0,,,
8,34.65647315979004,5234,61,23.0,,,
,,,,,,,"End of iteration for move_speed index 0, β value 8
"
9,25.565871715545654,3847,52,8.0,,,
9,25.176410913467407,3795,55,8.0,,,
9,24.595545768737793,3713,62,9.0,,,
9,25.089394330978394,3790,93,11.0,,,
9,24.881747007369995,3751,36,6.0,,,
9,25.094377279281616,3794,47,9.0,,,
9,24.994347095489502,3793,51,9.0,,,
9,25.816296577453613,3912,67,10.0,,,
9,25.42522358894348,3831,59,10.0,,,
9,26.20978283882141,3948,81,14.0,,,
9,25.082366466522217,3792,85,13.0,,,
9,25.6539568901062,3872,68,10.0,,,
9,34.58621525764465,5238,102,32.0,,,
,,,,,,,"End of iteration for move_speed index 0, β value 9
"
12,25.4432373046875,3831,56,10.0,,,
12,24.839179754257202,3753,55,7.0,,,
12,24.86162304878235,3754,64,8.0,,,
12,25.884702444076538,3912,82,13.0,,,
12,25.558799266815186,3855,39,6.0,,,
12,25.32497262954712,3836,51,6.0,,,
12,25.58478045463562,3874,82,13.0,,,
12,25.400862455368042,3834,63,10.0,,,
12,25.411978244781494,3831,60,10.0,,,
12,25.627137422561646,3874,63,12.0,,,
12,25.349926710128784,3829,87,15.0,,,
12,25.059850931167603,3790,52,10.0,,,
12,34.965431451797485,5300,106,27.0,,,
,,,,,,,"End of iteration for move_speed index 0, β value 12
"
15,25.14309573173523,3792,60,10.0,,,
15,26.029962062835693,3792,55,9.0,,,
15,25.80636239051819,3737,48,7.0,,,
15,25.16147518157959,3788,69,10.0,,,
15,26.204202890396118,3836,64,10.0,,,
15,25.312540769577026,3790,50,9.0,,,
15,25.518946409225464,3831,68,11.0,,,
15,25.232553005218506,3791,49,9.0,,,
15,25.752241849899292,3877,91,14.0,,,
15,25.26466989517212,3790,57,11.0,,,
15,24.91211223602295,3753,70,13.0,,,
15,25.810113191604614,3876,68,14.0,,,
15,35.449732303619385,5322,106,29.0,,,
,,,,,,,"End of iteration for move_speed index 0, β value 15
"
20,24.919352293014526,3751,43,7.0,,,
20,25.18479084968567,3791,62,9.0,,,
20,25.35838508605957,3828,73,11.0,,,
20,24.929327487945557,3752,28,4.0,,,
20,25.751705169677734,3875,68,11.0,,,
20,25.200180292129517,3795,46,7.0,,,
20,25.455973863601685,3831,63,11.0,,,
20,25.22693705558777,3796,76,13.0,,,
20,25.85461449623108,3877,65,15.0,,,
20,25.218671321868896,3792,70,10.0,,,
20,25.834089517593384,3835,55,11.0,,,
20,28.246936082839966,3791,39,7.0,,,
20,41.44070076942444,5321,83,23.0,,,
,,,,,,,"End of iteration for move_speed index 0, β value 20
"
25,28.466994047164917,3756,39,8.0,,,
25,28.316529750823975,3793,43,8.0,,,
25,28.095208644866943,3753,91,13.0,,,
25,29.584299564361572,3832,46,6.0,,,
25,28.91816806793213,3835,51,8.0,,,
25,28.347418069839478,3795,70,13.0,,,
25,28.481898546218872,3836,77,12.0,,,
25,28.57086420059204,3874,66,9.0,,,
25,29.271833419799805,3986,103,18.0,,,
25,28.400384187698364,3798,50,11.0,,,
25,28.230979681015015,3834,57,9.0,,,
25,28.538859128952026,3835,69,15.0,,,
25,40.545602560043335,5388,116,29.0,,,
,,,,,,,"End of iteration for move_speed index 0, β value 25
"
30,28.909605026245117,3791,48,9.0,,,
30,28.337612867355347,3794,66,9.0,,,
30,27.946115493774414,3752,42,7.0,,,
30,28.483746767044067,3709,50,9.0,,,
30,28.58384132385254,3871,62,13.0,,,
30,27.63886833190918,3791,59,13.0,,,
30,27.607316255569458,3790,56,11.0,,,
30,27.45820903778076,3792,48,7.0,,,
30,28.381142616271973,3834,57,10.0,,,
30,28.450083255767822,3827,70,11.0,,,
30,27.639925241470337,3790,70,10.0,,,
30,28.297852993011475,3871,91,16.0,,,
30,38.94053673744202,5261,116,27.0,,,
,,,,,,,"End of iteration for move_speed index 0, β value 30
"
35,27.897581338882446,3748,51,8.0,,,
35,28.73571753501892,3788,59,10.0,,,
35,28.584261178970337,3791,69,10.0,,,
35,28.68777894973755,3873,62,10.0,,,
35,27.34216332435608,3831,62,10.0,,,
35,27.657338619232178,3873,60,11.0,,,
35,28.104586601257324,3795,59,10.0,,,
35,27.571075677871704,3792,43,9.0,,,
35,30.2316734790802,3871,76,14.0,,,
35,28.08801293373108,3832,64,11.0,,,
35,29.378308057785034,3832,51,8.0,,,
35,31.004501342773438,3910,90,12.0,,,
35,39.94942879676819,5272,112,28.0,,,
,,,,,,,"End of iteration for move_speed index 0, β value 35
"
40,28.395084142684937,3751,38,5.0,,,
40,27.717002391815186,3709,27,4.0,,,
40,27.996188640594482,3716,41,5.0,,,
40,28.28634762763977,3753,42,8.0,,,
40,27.948895931243896,3792,54,9.0,,,
40,28.350645542144775,3835,85,14.0,,,
40,28.4688880443573,3872,57,12.0,,,
40,27.939209938049316,3830,39,6.0,,,
40,28.299109935760498,3833,70,11.0,,,
40,28.84729266166687,3834,55,9.0,,,
40,28.687175035476685,3872,68,11.0,,,
40,27.864370107650757,3831,44,9.0,,,
40,38.09138298034668,5272,86,20.0,,,
,,,,,,,"End of iteration for move_speed index 0, β value 40
"
45,27.830358028411865,3792,56,9.0,,,
45,27.15743350982666,3711,27,4.0,,,
45,27.163596630096436,3751,92,13.0,,,
45,27.488662004470825,3791,37,6.0,,,
45,28.005702018737793,3858,74,11.0,,,
45,27.781324863433838,3833,74,13.0,,,
45,27.61546754837036,3794,72,12.0,,,
45,28.700883150100708,3956,96,15.0,,,
45,28.23474359512329,3876,87,15.0,,,
45,29.188030004501343,3991,105,18.0,,,
45,28.287468433380127,3833,65,9.0,,,
45,27.9578697681427,3792,45,7.0,,,
45,38.020888566970825,5263,109,28.0,,,
,,,,,,,"End of iteration for move_speed index 0, β value 45
"
50,27.3828706741333,3791,55,10.0,,,
50,27.16962504386902,3752,34,6.0,,,
50,27.029664993286133,3715,40,7.0,,,
50,27.349902629852295,3756,39,6.0,,,
50,29.261356353759766,3837,53,8.0,,,
50,29.307846069335938,3835,50,11.0,,,
50,30.22042751312256,3835,66,11.0,,,
50,30.11769723892212,3789,44,7.0,,,
50,29.741187572479248,3835,82,14.0,,,
50,28.502367734909058,3756,64,13.0,,,
50,29.255187034606934,3830,83,12.0,,,
50,28.636821031570435,3871,69,11.0,,,
50,38.73036170005798,5259,109,27.0,,,
,,,,,,,"End of iteration for move_speed index 0, β value 50
"
,,,,,,,"End of iteration for move_speed index 0
"
,23.68011975288391,3666,2,1.0,,,
,23.596296548843384,3667,21,4.0,,,
,23.307427644729614,3626,7,1.0,,,
,23.444688320159912,3652,26,6.0,,,
,24.015592575073242,3666,9,2.0,,,
,25.214293241500854,3653,20,4.0,,,
,24.43952178955078,3625,2,1.0,,,
,24.79906415939331,3629,6,2.0,,,
,25.21965193748474,3668,11,3.0,,,
,25.035870790481567,3668,36,8.0,,,
,25.45430588722229,3625,8,2.0,,,
,25.03429365158081,3630,26,4.0,,,
,35.778624296188354,5186,18,7.0,,,
,,,,,,,"End of iteration for move_speed index 0
"
,23.07257580757141,3607,8,3.0,,,
,23.519917011260986,3643,1,1.0,,,
,22.615468978881836,3565,4,2.0,,,
,23.092201232910156,3572,5,3.0,,,
,23.59286665916443,3610,10,5.0,,,
,22.99252986907959,3599,0,0.0,,,
,23.283442735671997,3584,10,5.0,,,
,24.30813217163086,3568,3,3.0,,,
,23.690080404281616,3608,6,3.0,,,
,22.93704605102539,3586,13,4.0,,,
,23.88751983642578,3581,6,3.0,,,
,23.892420291900635,3606,5,4.0,,,
,35.87648057937622,5143,0,0.0,,,
,25.928105115890503,3752,78,10.0,,,
,24.798858880996704,3758,46,8.0,,,
,24.26791477203369,3756,45,7.0,,,
,24.661654472351074,3751,55,7.0,,,
,25.82598638534546,3873,96,15.0,,,
,25.139806270599365,3875,48,8.0,,,
,24.150022745132446,3794,57,9.0,,,
,24.57289481163025,3830,53,8.0,,,
,25.792722940444946,3914,81,15.0,,,
,26.154117822647095,3750,72,14.0,,,
,27.3705050945282,3830,70,11.0,,,
,26.29237174987793,3916,100,17.0,,,
,34.08901000022888,5261,88,22.0,,,
,,,,,,,"End of iteration for move_speed index 1
"
100,25.296903610229492,3668,28,5.0,,,
100,25.1578049659729,3668,16,3.0,,,
100,24.948922634124756,3666,15,4.0,,,
100,25.130800008773804,3667,20,3.0,,,
100,25.490472078323364,3668,5,2.0,,,
100,26.57126021385193,3708,28,6.0,,,
100,25.045183897018433,3628,0,0.0,,,
100,25.609065771102905,3626,0,0.0,,,
100,25.52341938018799,3666,28,6.0,,,
100,26.435834169387817,3708,21,5.0,,,
100,25.271114587783813,3627,13,4.0,,,
100,25.073801040649414,3667,39,7.0,,,
100,34.58033037185669,5163,15,6.0,,,
,,,,,,,"End of iteration for move_speed index 0, β value 100
"
200,25.87830662727356,3668,21,4.0,,,
200,25.744842290878296,3668,14,3.0,,,
200,25.685325384140015,3627,0,0.0,,,
200,26.189014673233032,3668,11,3.0,,,
200,26.214001417160034,3668,5,1.0,,,
200,24.668959617614746,3669,34,8.0,,,
200,23.941187143325806,3667,24,5.0,,,
200,23.964191436767578,3667,18,4.0,,,
200,23.851342916488647,3669,5,2.0,,,
200,23.91321039199829,3669,26,4.0,,,
200,23.55066704750061,3629,15,4.0,,,
200,23.81430196762085,3667,26,6.0,,,
200,34.00352907180786,5233,13,5.0,,,
,,,,,,,"End of iteration for move_speed index 0, β value 200
"
300,23.986144304275513,3667,12,2.0,,,
300,23.786797523498535,3666,38,7.0,,,
300,23.575462102890015,3628,21,6.0,,,
300,23.901615381240845,3666,26,6.0,,,
300,23.89442491531372,3666,17,3.0,,,
300,23.835753202438354,3669,25,6.0,,,
300,23.613537073135376,3617,11,2.0,,,
300,23.978020668029785,3668,28,5.0,,,
300,23.856583833694458,3653,32,8.0,,,
300,23.955402135849,3667,7,2.0,,,
300,23.634594202041626,3627,12,5.0,,,
300,23.875202417373657,3667,8,2.0,,,
300,33.87560033798218,5200,12,4.0,,,
,,,,,,,"End of iteration for move_speed index 0, β value 300
"
400,23.836457014083862,3668,21,4.0,,,
400,23.975111722946167,3666,8,2.0,,,
400,23.700843811035156,3627,0,0.0,,,
400,23.95783567428589,3665,10,2.0,,,
400,23.97168231010437,3668,6,2.0,,,
400,24.158098220825195,3708,33,6.0,,,
400,23.596284866333008,3627,0,0.0,,,
400,23.736422538757324,3627,17,4.0,,,
400,23.945598125457764,3667,8,2.0,,,
400,23.8855242729187,3668,17,5.0,,,
400,23.909361600875854,3668,30,5.0,,,
400,23.91918706893921,3668,21,5.0,,,
400,34.11059379577637,5234,18,4.0,,,
,,,,,,,"End of iteration for move_speed index 0, β value 400
"
500,23.928390979766846,3667,45,7.0,,,
500,23.912072896957397,3667,14,3.0,,,
500,23.550652742385864,3626,4,1.0,,,
500,23.961211681365967,3667,15,4.0,,,
500,23.934521436691284,3665,16,5.0,,,
500,23.918590784072876,3668,16,5.0,,,
500,23.67940902709961,3626,8,2.0,,,
500,23.977710247039795,3669,20,3.0,,,
500,23.84424376487732,3653,22,5.0,,,
500,23.922618627548218,3667,21,4.0,,,
500,23.60211944580078,3629,12,3.0,,,
500,23.94289493560791,3667,39,7.0,,,
500,33.93194341659546,5225,30,8.0,,,
,,,,,,,"End of iteration for move_speed index 0, β value 500
"
1000,23.776554346084595,3651,36,9.0,,,
1000,23.894275665283203,3666,11,3.0,,,
1000,23.686096668243408,3627,0,0.0,,,
1000,23.9211163520813,3667,1,1.0,,,
1000,24.293548583984375,3707,5,2.0,,,
1000,23.918585538864136,3669,7,1.0,,,
1000,23.86739993095398,3668,28,5.0,,,
1000,24.015197277069092,3671,24,5.0,,,
1000,23.868016481399536,3668,15,4.0,,,
1000,24.029069185256958,3698,27,8.0,,,
1000,24.12906265258789,3708,33,6.0,,,
1000,23.96175765991211,3667,32,6.0,,,
1000,33.969029903411865,5199,21,6.0,,,
,,,,,,,"End of iteration for move_speed index 0, β value 1000
"
,,,,,,,"End of iteration for move_speed index 0
"
0.8,25.547935247421265,3667,26,7.0,,,
0.8,25.37933659553528,3668,24,4.0,,,
0.8,24.91227126121521,3627,0,0.0,,,
0.8,25.330596446990967,3632,48,11.0,,,
0.1,25.872060537338257,3668,35,6.0,,,
0.3,25.557873010635376,3640,39,8.0,,,
0.5,24.58415699005127,3667,3,2.0,,,
0.5,25.685335636138916,3667,10,3.0,,,
0.1,24.11344337463379,3668,37,6.0,,,
0.1,24.251244068145752,3666,21,5.0,,,
0.1,24.14618468284607,3627,14,3.0,,,
0.1,24.28900146484375,3666,6,2.0,,,
0.1,24.483100414276123,3708,40,10.0,,,
0.1,24.454962491989136,3668,24,4.0,,,
0.1,24.018211126327515,3627,2,1.0,,,
0.1,24.16746163368225,3666,34,6.0,,,
0.1,22.267653226852417,3361,0,0.0,,,
,,,,,,,"End of iteration for move_speed index 0, β value 0.1
"
0.3,24.197763919830322,3667,7,2.0,,,
0.3,24.213306665420532,3668,7,2.0,,,
0.3,24.061491012573242,3627,0,0.0,,,
0.3,24.345415830612183,3668,7,2.0,,,
0.3,24.46933388710022,3669,8,2.0,,,
0.3,24.23513674736023,3667,14,3.0,,,
0.3,24.761979341506958,3629,0,0.0,,,
0.1,24.346044301986694,3668,37,6.0,,,
0.1,24.19615650177002,3666,21,5.0,,,

--------------------------------- 01.090.1,24.016901969909668,3668,37,6.0,,,
0.1,24.011714935302734,3666,21,5.0,,,
0.1,23.443031787872314,3627,14,3.0,,,
0.1,23.478764057159424,3666,6,2.0,,,
0.1,23.931450366973877,3708,40,10.0,,,
0.1,23.705084562301636,3668,24,4.0,,,
0.1,23.533576726913452,3627,2,1.0,,,
0.1,23.706186056137085,3666,34,6.0,,,
0.1,23.7758572101593,3668,36,8.0,,,
0.1,23.965453386306763,3698,55,13.0,,,
0.1,23.4118435382843,3628,15,4.0,,,
0.1,23.99366784095764,3708,38,7.0,,,
,,,,,,,"End of iteration for move_speed index 0, β value 0.1
"
0.3,23.82922053337097,3668,24,4.0,,,
0.3,23.682063579559326,3667,19,7.0,,,
0.3,23.405888557434082,3627,0,0.0,,,
0.3,23.613651990890503,3667,31,6.0,,,
0.3,23.648523569107056,3667,5,2.0,,,
0.3,23.63460373878479,3668,29,5.0,,,
0.3,23.398536443710327,3628,0,0.0,,,
0.3,23.660198211669922,3669,24,6.0,,,
0.3,23.592652320861816,3667,40,7.0,,,
0.3,23.700886011123657,3669,7,2.0,,,
0.3,23.67419147491455,3628,11,3.0,,,
0.3,24.512885808944702,3708,74,13.0,,,
,,,,,,,"End of iteration for move_speed index 0, β value 0.3
"
0.5,23.68082070350647,3667,4,2.0,,,
0.5,23.723974466323853,3649,55,10.0,,,
0.5,23.872922897338867,3628,13,2.0,,,
0.5,23.840240955352783,3651,26,8.0,,,
0.5,23.621872425079346,3666,18,4.0,,,
0.5,23.641204833984375,3666,1,1.0,,,
0.5,23.287984371185303,3629,2,1.0,,,
0.5,23.605375289916992,3667,4,1.0,,,
0.5,23.647364854812622,3667,1,1.0,,,
0.5,23.652053833007812,3667,29,9.0,,,
0.5,23.396833896636963,3628,9,2.0,,,
0.5,23.716037034988403,3667,19,6.0,,,
,,,,,,,"End of iteration for move_speed index 0, β value 0.5
"
0.8,23.595905542373657,3651,53,8.0,,,
0.8,23.710981369018555,3666,17,3.0,,,
0.8,23.296459197998047,3628,2,1.0,,,
0.8,23.516712188720703,3668,5,1.0,,,
0.8,23.471797943115234,3668,16,4.0,,,
0.8,23.474801301956177,3666,5,1.0,,,
0.8,23.332810401916504,3628,0,0.0,,,
0.8,23.680558919906616,3667,19,4.0,,,
0.8,24.961811542510986,3707,61,10.0,,,
0.8,24.0489764213562,3698,68,13.0,,,
0.8,23.545278787612915,3627,0,0.0,,,
0.8,23.67889380455017,3629,1,1.0,,,
,,,,,,,"End of iteration for move_speed index 0, β value 0.8
"
1,23.99595022201538,3667,27,5.0,,,
1,23.978662490844727,3667,16,3.0,,,
1,23.594430685043335,3628,7,1.0,,,
1,23.808629274368286,3667,24,4.0,,,
1,23.78575325012207,3668,5,1.0,,,
1,23.86280655860901,3667,27,5.0,,,
1,23.66231632232666,3627,3,1.0,,,
1,23.8855402469635,3667,12,3.0,,,
1,23.810409784317017,3666,4,2.0,,,
1,23.854130029678345,3668,24,6.0,,,
1,23.613201379776,3628,38,7.0,,,
1,23.922598123550415,3669,18,5.0,,,
,,,,,,,"End of iteration for move_speed index 0, β value 1
"
2,24.309710025787354,3668,41,7.0,,,
2,23.89040184020996,3667,19,5.0,,,
2,23.631561756134033,3628,5,2.0,,,
2,23.843098402023315,3667,16,3.0,,,
2,23.854102611541748,3669,30,5.0,,,
2,23.886666297912598,3668,22,4.0,,,
2,23.52192711830139,3629,0,0.0,,,
2,23.737115144729614,3668,17,4.0,,,
2,24.115868091583252,3708,24,7.0,,,
2,23.918504238128662,3667,22,4.0,,,
2,23.666183471679688,3628,9,2.0,,,
2,23.732401609420776,3651,20,5.0,,,
,,,,,,,"End of iteration for move_speed index 0, β value 2
"
3,23.7939031124115,3652,26,6.0,,,
3,23.887887239456177,3666,22,4.0,,,
3,23.516291618347168,3626,0,0.0,,,
3,23.8955340385437,3669,10,3.0,,,
3,23.891297340393066,3668,22,5.0,,,
3,23.933232069015503,3669,17,3.0,,,
3,23.616859674453735,3627,0,0.0,,,
3,23.884557723999023,3668,33,7.0,,,
3,23.808090686798096,3669,10,2.0,,,
3,23.91098928451538,3667,6,1.0,,,
3,23.62605381011963,3628,14,2.0,,,
3,23.868916034698486,3667,14,4.0,,,
,,,,,,,"End of iteration for move_speed index 0, β value 3
"
4,23.797858715057373,3652,0,0.0,,,
4,23.570443868637085,3627,3,1.0,,,
4,23.515313863754272,3627,7,1.0,,,
4,23.663681030273438,3651,46,10.0,,,
4,23.816688776016235,3668,12,3.0,,,
4,23.77944850921631,3669,31,5.0,,,
4,23.606247425079346,3627,10,3.0,,,
4,23.575669527053833,3627,0,0.0,,,
4,23.79212188720703,3668,21,5.0,,,
4,23.83576536178589,3669,12,4.0,,,
4,23.639630794525146,3627,11,3.0,,,
4,23.935587882995605,3668,19,4.0,,,
,,,,,,,"End of iteration for move_speed index 0, β value 4
"
5,23.90411376953125,3668,11,4.0,,,
5,23.898256301879883,3668,4,1.0,,,
5,23.627196550369263,3627,8,2.0,,,
5,23.852277994155884,3668,0,0.0,,,
5,23.90178680419922,3668,20,3.0,,,
5,24.073151111602783,3694,33,6.0,,,
5,23.678179025650024,3629,7,1.0,,,
5,23.98543643951416,3667,19,4.0,,,
5,23.903013229370117,3667,19,4.0,,,
5,23.772876977920532,3668,27,5.0,,,
5,23.48962163925171,3628,19,3.0,,,
5,23.718533039093018,3660,21,6.0,,,
,,,,,,,"End of iteration for move_speed index 0, β value 5
"
6,23.95269250869751,3666,26,5.0,,,
6,23.94290518760681,3666,0,0.0,,,
6,23.506545543670654,3626,11,3.0,,,
6,23.809404850006104,3668,3,1.0,,,
6,24.01470422744751,3668,19,4.0,,,
6,23.877246141433716,3668,2,2.0,,,
6,23.88906979560852,3669,18,3.0,,,
6,23.824889659881592,3668,12,3.0,,,
6,23.8110089302063,3669,58,12.0,,,
6,23.757625818252563,3667,34,8.0,,,
6,23.54057216644287,3627,26,8.0,,,
6,23.796717405319214,3653,3,1.0,,,
,,,,,,,"End of iteration for move_speed index 0, β value 6
"
7,23.910915851593018,3667,3,1.0,,,
7,23.884806871414185,3668,11,3.0,,,
7,23.765868663787842,3626,1,1.0,,,
7,23.88273286819458,3667,2,1.0,,,
7,23.87883949279785,3668,10,3.0,,,
7,23.901986360549927,3669,26,5.0,,,
7,23.681772470474243,3628,0,0.0,,,
7,24.04201030731201,3693,36,8.0,,,
7,23.87065553665161,3668,22,7.0,,,
7,23.925801515579224,3693,52,8.0,,,
7,23.597787141799927,3628,5,3.0,,,
7,23.892250299453735,3660,5,2.0,,,
,,,,,,,"End of iteration for move_speed index 0, β value 7
"
8,23.796489477157593,3668,17,3.0,,,
8,23.838086128234863,3666,14,3.0,,,
8,23.5075466632843,3627,17,4.0,,,
8,23.750638484954834,3667,7,3.0,,,
8,23.84734606742859,3669,14,3.0,,,
8,23.926857471466064,3667,13,2.0,,,
8,23.738344192504883,3629,7,1.0,,,
8,23.812805652618408,3667,5,1.0,,,
8,23.76722502708435,3668,39,5.0,,,
8,23.977793216705322,3692,27,6.0,,,
8,23.632417678833008,3627,8,2.0,,,
8,23.917407989501953,3667,29,7.0,,,
,,,,,,,"End of iteration for move_speed index 0, β value 8
"
9,23.79184627532959,3668,33,5.0,,,
9,23.83636975288391,3668,32,6.0,,,
9,23.742347478866577,3628,10,2.0,,,
9,23.87355375289917,3668,30,5.0,,,
9,23.94089150428772,3668,7,1.0,,,
9,24.093734741210938,3707,27,4.0,,,
9,23.533966302871704,3628,10,2.0,,,
9,23.92569923400879,3667,23,4.0,,,
9,23.86239719390869,3668,32,5.0,,,
9,23.836827039718628,3671,18,3.0,,,
9,23.490257024765015,3627,4,2.0,,,
9,23.875348806381226,3668,17,3.0,,,
,,,,,,,"End of iteration for move_speed index 0, β value 9
"
12,23.95800542831421,3668,26,6.0,,,
12,23.896241903305054,3668,4,1.0,,,
12,23.683830738067627,3627,2,1.0,,,
12,24.01331663131714,3668,15,4.0,,,
12,23.83073401451111,3668,50,8.0,,,
12,23.793211460113525,3669,8,2.0,,,
12,23.51846718788147,3628,20,3.0,,,
12,23.871589422225952,3667,51,8.0,,,
12,24.076601266860962,3693,49,10.0,,,
12,23.921676874160767,3667,13,3.0,,,
12,23.85886859893799,3654,35,7.0,,,
12,23.807196617126465,3669,7,2.0,,,
,,,,,,,"End of iteration for move_speed index 0, β value 12
"
15,23.702994346618652,3651,15,4.0,,,
15,23.855746507644653,3667,12,2.0,,,
15,23.834319591522217,3668,63,13.0,,,
15,23.816831350326538,3666,23,3.0,,,
15,23.777227878570557,3668,26,7.0,,,
15,24.15029811859131,3708,24,6.0,,,
15,23.644253253936768,3627,18,4.0,,,
15,23.603006601333618,3628,4,1.0,,,
15,23.933135986328125,3668,24,4.0,,,
15,23.887130737304688,3667,20,5.0,,,
15,23.60796618461609,3627,1,1.0,,,
15,23.76895260810852,3651,35,7.0,,,
,,,,,,,"End of iteration for move_speed index 0, β value 15
"
20,23.903748273849487,3667,17,3.0,,,
20,23.852555990219116,3668,55,11.0,,,
20,23.674911737442017,3626,20,2.0,,,
20,23.849045276641846,3668,20,4.0,,,
20,23.832615613937378,3666,16,4.0,,,
20,23.95296573638916,3707,27,5.0,,,
20,23.5684916973114,3628,8,2.0,,,
20,23.856634855270386,3668,37,6.0,,,
20,23.989531993865967,3685,70,14.0,,,
20,24.004701137542725,3667,26,6.0,,,
20,23.48268961906433,3613,28,7.0,,,
20,23.788400411605835,3669,14,3.0,,,
,,,,,,,"End of iteration for move_speed index 0, β value 20
"
25,24.093666791915894,3691,54,12.0,,,
25,23.80162239074707,3667,8,2.0,,,
25,23.474588871002197,3627,3,1.0,,,
25,23.484673976898193,3626,9,1.0,,,
25,23.810792446136475,3667,13,3.0,,,
25,23.81359362602234,3667,10,3.0,,,
25,23.521388292312622,3629,7,1.0,,,
25,23.78393578529358,3665,32,6.0,,,
25,23.887784481048584,3668,2,1.0,,,
25,23.952938556671143,3670,29,8.0,,,
25,23.996330738067627,3666,33,6.0,,,
25,23.856916666030884,3665,37,10.0,,,
,,,,,,,"End of iteration for move_speed index 0, β value 25
"
30,23.92842125892639,3669,12,2.0,,,
30,23.672269582748413,3652,54,10.0,,,
30,23.53437876701355,3627,18,3.0,,,
30,23.7639582157135,3668,11,3.0,,,
30,23.916302919387817,3668,17,3.0,,,
30,23.956804037094116,3667,23,5.0,,,
30,23.588738679885864,3628,6,1.0,,,
30,23.85833716392517,3667,9,2.0,,,
30,24.081957578659058,3707,37,6.0,,,
30,23.875627279281616,3666,4,1.0,,,
30,23.551084280014038,3627,3,1.0,,,
30,23.770107746124268,3668,19,4.0,,,
,,,,,,,"End of iteration for move_speed index 0, β value 30
"
35,23.73589777946472,3654,40,7.0,,,
35,23.78438663482666,3668,18,5.0,,,
35,23.60955238342285,3628,0,0.0,,,
35,23.848606824874878,3667,2,1.0,,,
35,23.91548204421997,3669,14,2.0,,,
35,23.889530658721924,3668,35,6.0,,,
35,23.82719874382019,3669,11,3.0,,,
35,23.826967239379883,3668,55,9.0,,,
35,23.971429347991943,3668,13,3.0,,,
35,23.957314252853394,3668,8,3.0,,,
35,23.509883642196655,3627,12,4.0,,,
35,23.862898588180542,3669,29,5.0,,,
,,,,,,,"End of iteration for move_speed index 0, β value 35
"
40,24.092051029205322,3707,5,1.0,,,
40,23.846683502197266,3667,36,6.0,,,
40,23.55589270591736,3628,7,1.0,,,
40,23.84347367286682,3668,15,3.0,,,
40,23.880126237869263,3669,12,2.0,,,
40,23.822181701660156,3667,8,2.0,,,
40,23.56854796409607,3629,13,4.0,,,
40,23.834268808364868,3667,24,6.0,,,
40,23.807527780532837,3669,7,2.0,,,
40,23.84940791130066,3667,33,5.0,,,
40,23.669950008392334,3629,5,2.0,,,
40,23.869998455047607,3667,16,4.0,,,
,,,,,,,"End of iteration for move_speed index 0, β value 40
"
45,23.916518449783325,3668,19,3.0,,,
45,23.850911855697632,3667,2,1.0,,,
45,23.662904024124146,3626,9,2.0,,,
45,23.975578784942627,3667,11,2.0,,,
45,23.852633476257324,3667,16,3.0,,,
45,23.79651188850403,3667,18,3.0,,,
45,23.587923288345337,3627,5,2.0,,,
45,23.918830156326294,3667,13,3.0,,,
45,23.835565090179443,3667,26,5.0,,,
45,23.768467903137207,3670,17,3.0,,,
45,23.711631059646606,3628,22,3.0,,,
45,24.003093719482422,3692,67,14.0,,,
,,,,,,,"End of iteration for move_speed index 0, β value 45
"
50,23.895389318466187,3666,5,1.0,,,
50,23.92936682701111,3667,1,1.0,,,
50,23.853829860687256,3655,18,3.0,,,
50,23.78638505935669,3666,4,2.0,,,
50,23.779139280319214,3667,20,4.0,,,
50,23.826345920562744,3669,25,5.0,,,
50,23.640347719192505,3628,10,4.0,,,
50,23.790217399597168,3668,16,4.0,,,
50,23.806119203567505,3669,24,5.0,,,
50,23.797266960144043,3665,8,2.0,,,
50,23.5496563911438,3629,23,4.0,,,
50,23.81711983680725,3669,28,7.0,,,
,,,,,,,"End of iteration for move_speed index 0, β value 50
"
100,23.83890724182129,3668,10,3.0,,,
100,23.746766090393066,3667,12,2.0,,,
100,23.677184343338013,3627,2,1.0,,,
100,23.852036476135254,3668,45,7.0,,,
100,23.889992475509644,3668,25,4.0,,,
100,23.752950429916382,3667,7,1.0,,,
100,23.5599365234375,3628,13,4.0,,,
100,23.90764856338501,3660,21,4.0,,,
100,23.895829916000366,3669,18,4.0,,,
100,23.768460273742676,3667,45,9.0,,,
100,23.533960342407227,3627,23,5.0,,,
100,23.872945308685303,3667,19,4.0,,,
,,,,,,,"End of iteration for move_speed index 0, β value 100
"
200,23.778149843215942,3668,31,6.0,,,
200,23.811443567276,3669,29,5.0,,,
200,23.648678064346313,3628,4,1.0,,,
200,23.88235569000244,3668,23,4.0,,,
200,23.79602861404419,3654,17,4.0,,,
200,24.066313982009888,3692,56,9.0,,,
200,23.562865018844604,3618,7,3.0,,,
200,23.86433982849121,3666,40,7.0,,,
200,24.149953603744507,3703,65,14.0,,,
200,24.005037546157837,3668,11,3.0,,,
200,23.548402070999146,3628,39,7.0,,,
200,24.18554449081421,3695,32,6.0,,,
,,,,,,,"End of iteration for move_speed index 0, β value 200
"
300,23.749034881591797,3667,28,4.0,,,
300,23.948010444641113,3667,24,5.0,,,
300,23.631314277648926,3627,14,3.0,,,
300,23.882450342178345,3666,8,2.0,,,
300,23.90826439857483,3668,18,3.0,,,
300,23.903289556503296,3668,16,3.0,,,
300,23.904590129852295,3651,43,9.0,,,
300,24.098705291748047,3692,38,8.0,,,
300,23.91390609741211,3668,19,4.0,,,
300,23.75400948524475,3657,20,5.0,,,
300,23.644323110580444,3627,14,3.0,,,
300,23.77715229988098,3669,53,8.0,,,
,,,,,,,"End of iteration for move_speed index 0, β value 300
"
400,23.78193426132202,3666,11,3.0,,,
400,23.769248247146606,3667,28,5.0,,,
400,23.516407251358032,3627,9,1.0,,,
400,23.93985939025879,3667,37,6.0,,,
400,23.83944296836853,3667,19,4.0,,,
400,23.921845197677612,3666,29,6.0,,,
400,23.713910818099976,3628,13,4.0,,,
400,23.851364135742188,3671,20,4.0,,,
400,23.79527187347412,3655,21,5.0,,,
400,23.81395959854126,3667,35,8.0,,,
400,23.88454246520996,3652,36,7.0,,,
400,23.96952724456787,3667,27,6.0,,,
,,,,,,,"End of iteration for move_speed index 0, β value 400
"
500,23.7809796333313,3667,24,4.0,,,
500,23.70568013191223,3667,16,3.0,,,
500,23.63271713256836,3627,8,2.0,,,
500,23.795597553253174,3668,10,4.0,,,
500,23.823996543884277,3669,0,0.0,,,
500,23.865880250930786,3668,15,3.0,,,
500,23.622838020324707,3626,7,2.0,,,
500,23.816888332366943,3666,3,1.0,,,
500,23.808537244796753,3669,10,2.0,,,
500,24.24504780769348,3707,19,5.0,,,
500,23.419511556625366,3620,16,3.0,,,
500,23.71442437171936,3653,28,8.0,,,
,,,,,,,"End of iteration for move_speed index 0, β value 500
"
,,,,,,,"End of iteration for move_speed index 0
"
0.1,25.372337341308594,3906,62,9.0,,,
0.1,25.924433708190918,3995,110,15.0,,,
0.1,25.192277908325195,3869,106,15.0,,,
0.1,25.449297189712524,3915,48,8.0,,,
0.1,25.51404881477356,3915,67,10.0,,,
0.1,25.747726440429688,3954,66,11.0,,,
0.1,25.190102577209473,3869,86,13.0,,,
0.1,25.13014554977417,3871,62,11.0,,,
0.1,25.66982340812683,3952,80,14.0,,,
0.1,25.447401523590088,3906,55,13.0,,,
0.1,24.91218137741089,3837,68,12.0,,,
0.1,24.886154174804688,3838,55,10.0,,,
,,,,,,,"End of iteration for move_speed index 1, β value 0.1
"
0.3,24.3893985748291,3756,41,6.0,,,
0.3,24.61955213546753,3794,52,8.0,,,
0.3,24.593523502349854,3789,50,10.0,,,
0.3,24.96024751663208,3834,31,6.0,,,
0.3,25.36648964881897,3911,83,14.0,,,
0.3,24.940103769302368,3836,56,10.0,,,
0.3,25.843503952026367,3952,51,11.0,,,
0.3,25.460357904434204,3911,54,9.0,,,
0.3,25.17764401435852,3868,64,13.0,,,
0.3,25.285287857055664,3877,67,11.0,,,
0.3,25.178658485412598,3874,70,12.0,,,
0.3,24.896286964416504,3832,63,12.0,,,
,,,,,,,"End of iteration for move_speed index 1, β value 0.3
"
0.5,25.12504267692566,3873,73,14.0,,,
0.5,24.94146704673767,3834,80,10.0,,,
0.5,23.940964460372925,3674,21,4.0,,,
0.5,24.858569860458374,3830,58,10.0,,,
0.5,24.90505027770996,3835,81,12.0,,,
0.5,24.900611639022827,3833,78,14.0,,,
0.5,24.75261664390564,3797,68,11.0,,,
0.5,25.52771496772766,3915,79,12.0,,,
0.5,25.176149606704712,3871,61,13.0,,,
0.5,24.742287397384644,3796,34,8.0,,,
0.5,25.184330940246582,3875,94,16.0,,,
0.5,25.014142751693726,3836,90,14.0,,,
,,,,,,,"End of iteration for move_speed index 1, β value 0.5
"
0.8,24.726683616638184,3793,51,7.0,,,
0.8,24.635939359664917,3793,36,5.0,,,
0.8,24.745986700057983,3792,113,15.0,,,
0.8,24.945273399353027,3833,63,8.0,,,
0.8,24.976020574569702,3831,53,8.0,,,
0.8,25.062957286834717,3833,32,8.0,,,
0.8,24.92424464225769,3834,50,9.0,,,
0.8,24.96127700805664,3838,62,10.0,,,
0.8,25.381784915924072,3918,110,18.0,,,
0.8,25.26030683517456,3873,75,13.0,,,
0.8,24.929887294769287,3829,48,9.0,,,
0.8,25.119065761566162,3876,80,13.0,,,
,,,,,,,"End of iteration for move_speed index 1, β value 0.8
"
1,24.729103803634644,3790,93,12.0,,,
1,24.95338773727417,3829,40,7.0,,,
1,24.12689185142517,3711,53,9.0,,,
1,24.366743564605713,3753,32,7.0,,,
1,25.330071687698364,3871,95,15.0,,,
1,25.911770343780518,3992,65,9.0,,,
1,24.28726077079773,3752,53,9.0,,,
1,24.749745845794678,3799,59,9.0,,,
1,24.937867164611816,3836,61,11.0,,,
1,25.470343828201294,3916,81,15.0,,,
1,25.152021646499634,3875,71,13.0,,,
1,24.740177869796753,3794,49,9.0,,,
,,,,,,,"End of iteration for move_speed index 1, β value 1
"
2,25.30667543411255,3874,72,11.0,,,
2,24.522957801818848,3752,67,8.0,,,
2,24.791184186935425,3832,87,10.0,,,
2,24.430938005447388,3751,46,7.0,,,
2,24.66063690185547,3789,81,12.0,,,
2,25.257830142974854,3874,48,8.0,,,
2,24.635879039764404,3777,64,11.0,,,
2,25.38121771812439,3913,74,11.0,,,
2,25.143197298049927,3869,82,12.0,,,
2,24.395048141479492,3755,37,8.0,,,
2,25.265120267868042,3905,100,17.0,,,
2,24.943154335021973,3830,63,10.0,,,
,,,,,,,"End of iteration for move_speed index 1, β value 2
"
3,25.05940270423889,3834,78,12.0,,,
3,24.847736835479736,3814,80,12.0,,,
3,24.759140968322754,3794,68,11.0,,,
3,25.517982482910156,3916,93,15.0,,,
3,25.171501398086548,3873,64,12.0,,,
3,24.55777335166931,3792,63,13.0,,,
3,24.667752265930176,3796,65,10.0,,,
3,24.791016578674316,3817,85,16.0,,,
3,25.259958744049072,3874,70,9.0,,,
3,24.997263193130493,3835,81,13.0,,,
3,24.945889234542847,3836,77,13.0,,,
3,24.65592312812805,3791,56,13.0,,,
,,,,,,,"End of iteration for move_speed index 1, β value 3
"
4,24.363210916519165,3751,37,6.0,,,
4,24.932175874710083,3835,99,13.0,,,
4,25.168874740600586,3870,96,13.0,,,
4,24.733495235443115,3794,74,10.0,,,
4,24.627888917922974,3791,44,7.0,,,
4,25.286321878433228,3875,69,11.0,,,
4,24.818119287490845,3833,79,15.0,,,
4,25.03737783432007,3834,58,9.0,,,
4,25.32707118988037,3872,86,14.0,,,
4,24.980785846710205,3837,73,12.0,,,
4,25.713477849960327,3951,96,14.0,,,
4,24.943031311035156,3830,84,14.0,,,
,,,,,,,"End of iteration for move_speed index 1, β value 4
"
5,24.631888389587402,3791,49,7.0,,,
5,24.85753059387207,3833,53,10.0,,,
5,24.642366886138916,3777,34,6.0,,,
5,24.707579851150513,3791,67,11.0,,,
5,24.817357301712036,3830,98,15.0,,,
5,24.556081295013428,3794,85,14.0,,,
5,24.858136892318726,3829,101,15.0,,,
5,24.693562507629395,3791,63,10.0,,,
5,24.737838983535767,3792,73,13.0,,,
5,25.337757349014282,3870,88,16.0,,,
5,25.013011932373047,3834,58,11.0,,,
5,24.711920499801636,3793,65,11.0,,,
,,,,,,,"End of iteration for move_speed index 1, β value 5
"
6,24.695887327194214,3794,48,9.0,,,
6,24.706189155578613,3793,73,10.0,,,
6,24.135864734649658,3709,48,10.0,,,
6,24.953908920288086,3830,59,10.0,,,
6,24.71135711669922,3792,48,7.0,,,
6,25.179591417312622,3871,59,9.0,,,
6,25.000110864639282,3833,79,16.0,,,
6,25.008767127990723,3833,75,12.0,,,
6,25.024967193603516,3831,47,10.0,,,
6,24.71064567565918,3793,54,10.0,,,
6,24.373589277267456,3752,76,11.0,,,
6,24.891075134277344,3835,77,13.0,,,
,,,,,,,"End of iteration for move_speed index 1, β value 6
"
7,24.350258350372314,3750,61,8.0,,,
7,24.439712285995483,3749,42,7.0,,,
7,24.100443124771118,3714,32,4.0,,,
7,24.42308759689331,3750,58,8.0,,,
7,24.861924409866333,3835,69,11.0,,,
7,25.29972529411316,3872,64,10.0,,,
7,24.248871564865112,3749,36,5.0,,,
7,24.76314377784729,3832,63,10.0,,,
7,25.015048265457153,3833,79,14.0,,,
7,25.010552644729614,3831,97,17.0,,,
7,24.60575819015503,3790,71,11.0,,,
7,24.873501539230347,3833,65,11.0,,,
,,,,,,,"End of iteration for move_speed index 1, β value 7
"
8,24.705909490585327,3794,45,8.0,,,
8,24.624186515808105,3790,65,10.0,,,
8,24.425550937652588,3755,65,13.0,,,
8,24.473270654678345,3752,48,7.0,,,
8,24.488144874572754,3753,48,8.0,,,
8,25.0259690284729,3833,65,10.0,,,
8,25.16388702392578,3875,89,16.0,,,
8,24.823182344436646,3833,67,11.0,,,
8,24.892753839492798,3837,76,12.0,,,
8,25.17294669151306,3872,51,10.0,,,
8,24.919734954833984,3834,98,15.0,,,
8,24.89353656768799,3834,63,9.0,,,
,,,,,,,"End of iteration for move_speed index 1, β value 8
"
9,24.366977214813232,3756,42,7.0,,,
9,24.403934001922607,3752,28,5.0,,,
9,24.458048582077026,3750,46,6.0,,,
9,24.223703861236572,3714,26,4.0,,,
9,25.020319938659668,3835,50,8.0,,,
9,25.04468822479248,3835,66,11.0,,,
9,25.155433893203735,3873,80,14.0,,,
9,25.09006404876709,3875,68,13.0,,,
9,25.446885108947754,3911,104,16.0,,,
9,25.156468152999878,3871,72,12.0,,,
9,24.99880886077881,3830,78,10.0,,,
9,24.77025079727173,3793,82,13.0,,,
,,,,,,,"End of iteration for move_speed index 1, β value 9
"
12,25.26044750213623,3869,91,12.0,,,
12,24.76669955253601,3797,67,9.0,,,
12,24.74920916557312,3792,50,7.0,,,
12,24.599853992462158,3791,54,9.0,,,
12,24.706488132476807,3792,51,8.0,,,
12,25.471387147903442,3914,74,13.0,,,
12,24.6289222240448,3794,42,8.0,,,
12,25.00533962249756,3834,50,9.0,,,
12,25.626786470413208,3937,111,18.0,,,
12,25.22422695159912,3870,73,13.0,,,
12,25.09491991996765,3857,62,11.0,,,
12,25.145175457000732,3871,74,14.0,,,
,,,,,,,"End of iteration for move_speed index 1, β value 12
"
15,24.419466733932495,3756,31,4.0,,,
15,24.421894550323486,3750,50,6.0,,,
15,24.975416898727417,3832,59,8.0,,,
15,24.67468810081482,3791,94,13.0,,,
15,25.128603219985962,3857,71,12.0,,,
15,24.725741624832153,3793,76,11.0,,,
15,24.965877771377563,3836,60,10.0,,,
15,24.68481945991516,3790,41,8.0,,,
15,25.169785261154175,3869,49,7.0,,,
15,24.638598918914795,3791,65,11.0,,,
15,24.875680923461914,3831,110,15.0,,,
15,25.279054403305054,3874,64,13.0,,,
,,,,,,,"End of iteration for move_speed index 1, β value 15
"
20,24.58421516418457,3752,43,6.0,,,
20,24.325031042099,3753,30,4.0,,,
20,24.59732675552368,3792,102,15.0,,,
20,24.698726415634155,3791,59,10.0,,,
20,25.14592933654785,3866,71,12.0,,,
20,24.59310030937195,3795,46,7.0,,,
20,24.586084604263306,3792,73,10.0,,,
20,25.057644367218018,3867,77,13.0,,,
20,25.076715230941772,3870,62,11.0,,,
20,25.377890825271606,3916,94,13.0,,,
20,24.963236570358276,3834,71,16.0,,,
20,25.1364004611969,3865,83,15.0,,,
,,,,,,,"End of iteration for move_speed index 1, β value 20
"
25,24.180625438690186,3713,49,6.0,,,
25,24.703948259353638,3792,54,9.0,,,
25,24.698458433151245,3792,47,7.0,,,
25,24.39175796508789,3752,43,6.0,,,
25,24.923269271850586,3829,84,13.0,,,
25,24.999471187591553,3834,70,11.0,,,
25,24.693138599395752,3793,77,11.0,,,
25,24.956904888153076,3834,64,12.0,,,
25,24.948726654052734,3830,96,14.0,,,
25,24.569034099578857,3792,66,11.0,,,
25,25.161988735198975,3873,76,13.0,,,
25,24.759207487106323,3795,67,11.0,,,
,,,,,,,"End of iteration for move_speed index 1, β value 25
"
30,24.85304570198059,3789,55,8.0,,,
30,24.533987522125244,3754,30,6.0,,,
30,25.231481313705444,3874,71,9.0,,,
30,24.949679374694824,3834,95,17.0,,,
30,24.898229360580444,3830,46,8.0,,,
30,25.26093053817749,3874,98,13.0,,,
30,25.501423120498657,3913,78,14.0,,,
30,25.2386155128479,3874,56,8.0,,,
30,25.136125802993774,3873,64,11.0,,,
30,25.43587613105774,3915,77,14.0,,,
30,25.7596333026886,3950,93,16.0,,,
30,24.937577724456787,3830,70,11.0,,,
,,,,,,,"End of iteration for move_speed index 1, β value 30
"
35,25.002643823623657,3834,57,10.0,,,
35,24.830464601516724,3827,72,12.0,,,
35,24.686051845550537,3795,76,12.0,,,
35,24.864198207855225,3832,91,11.0,,,
35,24.771193504333496,3797,72,11.0,,,
35,25.506381034851074,3915,72,12.0,,,
35,24.769176959991455,3796,49,7.0,,,
35,24.7804753780365,3794,58,9.0,,,
35,25.146204471588135,3871,78,12.0,,,
35,24.59836459159851,3796,73,11.0,,,
35,25.110853672027588,3875,60,9.0,,,
35,24.946473360061646,3832,40,8.0,,,
,,,,,,,"End of iteration for move_speed index 1, β value 35
"
40,24.474323987960815,3748,75,9.0,,,
40,24.584643363952637,3784,64,8.0,,,
40,25.21100163459778,3872,100,15.0,,,
40,24.633793592453003,3791,64,9.0,,,
40,24.855759382247925,3828,46,10.0,,,
40,24.88940119743347,3837,70,10.0,,,
40,25.26758313179016,3873,76,15.0,,,
40,25.495994806289673,3915,72,11.0,,,
40,25.130777835845947,3861,84,15.0,,,
40,25.1472327709198,3870,65,10.0,,,
40,25.160248041152954,3874,88,16.0,,,
40,25.239031076431274,3871,63,10.0,,,
,,,,,,,"End of iteration for move_speed index 1, β value 40
"
45,24.962366104125977,3828,67,8.0,,,
45,24.841060638427734,3814,72,12.0,,,
45,24.534355401992798,3792,61,8.0,,,
45,24.14168357849121,3712,29,4.0,,,
45,25.017051696777344,3837,97,14.0,,,
45,25.766488552093506,3952,126,18.0,,,
45,24.93471884727478,3835,79,15.0,,,
45,25.165584802627563,3873,66,11.0,,,
45,24.95890474319458,3831,78,12.0,,,
45,25.05088186264038,3831,41,8.0,,,
45,24.176650047302246,3711,52,10.0,,,
45,25.514726638793945,3914,75,11.0,,,
,,,,,,,"End of iteration for move_speed index 1, β value 45
"
50,24.98802924156189,3826,76,10.0,,,
50,24.96872091293335,3830,61,9.0,,,
50,25.160490036010742,3869,43,7.0,,,
50,24.9214346408844,3833,64,10.0,,,
50,24.97345733642578,3832,87,12.0,,,
50,24.934073209762573,3832,95,16.0,,,
50,24.713021755218506,3787,80,13.0,,,
50,24.63517713546753,3791,57,9.0,,,
50,24.653526067733765,3792,69,10.0,,,
50,25.199668169021606,3870,75,14.0,,,
50,24.862744092941284,3832,54,9.0,,,
50,25.099406242370605,3857,82,13.0,,,
,,,,,,,"End of iteration for move_speed index 1, β value 50
"
100,24.11302900314331,3711,38,6.0,,,
100,24.192301750183105,3710,37,5.0,,,
100,24.473865270614624,3752,56,7.0,,,
100,24.360792875289917,3754,38,6.0,,,
100,24.94207191467285,3833,93,14.0,,,
100,25.218330144882202,3875,61,8.0,,,
100,25.714277267456055,3963,81,13.0,,,
100,24.891335248947144,3832,69,11.0,,,
100,24.676605463027954,3788,78,12.0,,,
100,24.640231132507324,3795,61,9.0,,,
100,24.958558320999146,3833,66,10.0,,,
100,25.296063899993896,3873,43,8.0,,,
,,,,,,,"End of iteration for move_speed index 1, β value 100
"
200,24.68233370780945,3793,37,5.0,,,
200,24.73910665512085,3788,89,12.0,,,
200,24.117388486862183,3711,44,6.0,,,
200,24.319063186645508,3749,41,7.0,,,
200,25.11672353744507,3859,66,10.0,,,
200,24.81829285621643,3830,63,11.0,,,
200,24.930209398269653,3833,77,10.0,,,
200,24.850627183914185,3833,48,11.0,,,
200,24.84420156478882,3826,50,9.0,,,
200,25.503686904907227,3916,128,17.0,,,
200,24.88659119606018,3833,100,17.0,,,
200,25.413790225982666,3912,91,15.0,,,
,,,,,,,"End of iteration for move_speed index 1, β value 200
"
300,24.607468128204346,3789,75,12.0,,,
300,24.95796799659729,3830,51,7.0,,,
300,24.50410556793213,3749,97,13.0,,,
300,24.37544345855713,3751,51,9.0,,,
300,24.594157457351685,3794,36,5.0,,,
300,25.130458116531372,3872,73,15.0,,,
300,24.308037281036377,3751,64,10.0,,,
300,24.717061758041382,3792,55,8.0,,,
300,24.921796083450317,3829,76,13.0,,,
300,25.057167291641235,3870,86,16.0,,,
300,25.098005533218384,3859,68,12.0,,,
300,24.555613040924072,3792,53,9.0,,,
,,,,,,,"End of iteration for move_speed index 1, β value 300
"
400,24.337209939956665,3751,28,4.0,,,
400,24.664817810058594,3790,34,6.0,,,
400,24.361607789993286,3753,63,10.0,,,
400,24.38771939277649,3751,57,9.0,,,
400,24.72173547744751,3797,58,8.0,,,
400,24.654627561569214,3793,64,9.0,,,
400,25.631956100463867,3953,69,11.0,,,
400,24.77494740486145,3829,55,9.0,,,
400,24.902745723724365,3829,49,9.0,,,
400,24.52398943901062,3755,57,9.0,,,
400,25.76699995994568,3952,89,13.0,,,
400,25.392963647842407,3914,109,16.0,,,
,,,,,,,"End of iteration for move_speed index 1, β value 400
"
500,24.37330174446106,3752,46,7.0,,,
500,24.41311264038086,3750,80,11.0,,,
500,24.201528549194336,3713,65,8.0,,,
500,24.52819013595581,3754,51,9.0,,,
500,24.708252429962158,3790,41,6.0,,,
500,25.193126678466797,3871,72,12.0,,,
500,24.564575910568237,3793,79,12.0,,,
500,25.01116394996643,3831,53,10.0,,,
500,24.961739778518677,3834,89,15.0,,,
500,24.634570598602295,3790,33,8.0,,,
500,25.41360640525818,3908,72,15.0,,,
500,25.6382155418396,3953,75,12.0,,,
,,,,,,,"End of iteration for move_speed index 1, β value 500
"
,,,,,,,"End of iteration for move_speed index 1
"
